month,Сульфаты_КТ1,Сульфаты_КТ2,Сульфаты_КТ3,Сульфаты_КТ4,Сульфаты_КТ5,Жиры_КТ1,Жиры_КТ2,Жиры_КТ3,Жиры_КТ4,Жиры_КТ5,pH_КТ1,pH_КТ2,pH_КТ3,pH_КТ4,pH_КТ5,БПК5_КТ1,БПК5_КТ2,БПК5_КТ3,БПК5_КТ4,БПК5_КТ5,ХПК_КТ1,ХПК_КТ2,ХПК_КТ3,ХПК_КТ4,ХПК_КТ5,Фосфаты_КТ1,Фосфаты_КТ2,Фосфаты_КТ3,Фосфаты_КТ4,Фосфаты_КТ5,Взвешенные_КТ1,Взвешенные_КТ2,Взвешенные_КТ3,Взвешенные_КТ4,Взвешенные_КТ5,Аммоний_КТ1,Аммоний_КТ2,Аммоний_КТ3,Аммоний_КТ4,Аммоний_КТ5,Нитраты_КТ1,Нитраты_КТ2,Нитраты_КТ3,Нитраты_КТ4,Нитраты_КТ5,Хлориды_КТ1,Хлориды_КТ2,Хлориды_КТ3,Хлориды_КТ4,Хлориды_КТ5,Калий_КТ1,Калий_КТ2,Калий_КТ3,Калий_КТ4,Калий_КТ5,Натрий_КТ1,Натрий_КТ2,Натрий_КТ3,Натрий_КТ4,Натрий_КТ5,Литий_КТ1,Литий_КТ2,Литий_КТ3,Литий_КТ4,Литий_КТ5,Магний_КТ1,Магний_КТ2,Магний_КТ3,Магний_КТ4,Магний_КТ5,Кальций_КТ1,Кальций_КТ2,Кальций_КТ3,Кальций_КТ4,Кальций_КТ5,Стронций_КТ1,Стронций_КТ2,Стронций_КТ3,Стронций_КТ4,Стронций_КТ5,Цинк_КТ1,Цинк_КТ2,Цинк_КТ3,Цинк_КТ4,Цинк_КТ5,Марганец_КТ1,Марганец_КТ2,Марганец_КТ3,Марганец_КТ4,Марганец_КТ5,Нитриты_КТ1,Нитриты_КТ2,Нитриты_КТ3,Нитриты_КТ4,Нитриты_КТ5,Фториды_КТ1,Фториды_КТ2,Фториды_КТ3,Фториды_КТ4,Фториды_КТ5,Барий_КТ1,Барий_КТ2,Барий_КТ3,Барий_КТ4,Барий_КТ5,моющее средство,сыворотка,творожный цех,цельномолочный цех,котельная,общий_объём,T_mean,T_min,T_max,T_sum_pos,T_sum_neg,precip_sum,precip_days,snow_max,Массовая_доля_сульфатов__мг/дм3_(SO4)_КНС1,Массовая_доля_сульфатов__мг/дм3_(SO4)_КНС2,Массовая_доля_сульфатов__мг/дм3_(SO4)_колодец_перед_КНС1,Массовая_доля_сульфатов__мг/дм3_(SO4)_слив,Массовая_доля_жиров_мг/дм3_КНС1,Массовая_доля_жиров_мг/дм3_КНС2,Массовая_доля_жиров_мг/дм3_колодец_перед_КНС1,Массовая_доля_жиров_мг/дм3_слив,Водородный_показатель_(рН)_ед.рН_КНС1,Водородный_показатель_(рН)_ед.рН_КНС2,Водородный_показатель_(рН)_ед.рН_колодец_перед_КНС1,Водородный_показатель_(рН)_ед.рН_слив,БПК5_мг/дм3_КНС1,БПК5_мг/дм3_КНС2,БПК5_мг/дм3_колодец_перед_КНС1,БПК5_мг/дм3_слив,ХПК_мгО/дм3_КНС1,ХПК_мгО/дм3_КНС2,ХПК_мгО/дм3_колодец_перед_КНС1,ХПК_мгО/дм3_слив,Фосфаты_мг/дм3_(РО4)_КНС1,Фосфаты_мг/дм3_(РО4)_КНС2,Фосфаты_мг/дм3_(РО4)_колодец_перед_КНС1,Фосфаты_мг/дм3_(РО4)_слив,Взвешенные_вещества_мг/дм3_КНС1,Взвешенные_вещества_мг/дм3_КНС2,Взвешенные_вещества_мг/дм3_колодец_перед_КНС1,Взвешенные_вещества_мг/дм3_слив,Аммонийный_азот_мг/дм3_КНС1,Аммонийный_азот_мг/дм3_КНС2,Аммонийный_азот_мг/дм3_колодец_перед_КНС1,Аммонийный_азот_мг/дм3_слив,Нитраты_мг/дм3_КНС1,Нитраты_мг/дм3_КНС2,Нитраты_мг/дм3_колодец_перед_КНС1,Нитраты_мг/дм3_слив,Хлориды_мг/дм3_КНС1,Хлориды_мг/дм3_КНС2,Хлориды_мг/дм3_колодец_перед_КНС1,Хлориды_мг/дм3_слив,Калий_мг/дм3_КНС1,Калий_мг/дм3_КНС2,Калий_мг/дм3_колодец_перед_КНС1,Калий_мг/дм3_слив,Натрий_мг/дм3_КНС1,Натрий_мг/дм3_КНС2,Натрий_мг/дм3_колодец_перед_КНС1,Натрий_мг/дм3_слив,Литий_мг/дм3_КНС1,Литий_мг/дм3_КНС2,Литий_мг/дм3_колодец_перед_КНС1,Литий_мг/дм3_слив,Магний_мг/дм3_КНС1,Магний_мг/дм3_КНС2,Магний_мг/дм3_колодец_перед_КНС1,Магний_мг/дм3_слив,Кальций_мг/дм3_КНС1,Кальций_мг/дм3_КНС2,Кальций_мг/дм3_колодец_перед_КНС1,Кальций_мг/дм3_слив,Стронций_мг/дм3_КНС1,Стронций_мг/дм3_КНС2,Стронций_мг/дм3_колодец_перед_КНС1,Стронций_мг/дм3_слив,Цинк_мг/дм3_КНС1,Цинк_мг/дм3_КНС2,Цинк_мг/дм3_колодец_перед_КНС1,Цинк_мг/дм3_слив,Марганец_мг/дм3_КНС1,Марганец_мг/дм3_КНС2,Марганец_мг/дм3_колодец_перед_КНС1,Марганец_мг/дм3_слив,Нитриты_мг/дм3_КНС1,Нитриты_мг/дм3_КНС2,Нитриты_мг/дм3_колодец_перед_КНС1,Нитриты_мг/дм3_слив,Фторид-ион_мг/дм3_КНС1,Фторид-ион_мг/дм3_КНС2,Фторид-ион_мг/дм3_колодец_перед_КНС1,Фторид-ион_мг/дм3_слив,Барий_мг/кг_КНС1,Барий_мг/кг_КНС2,Барий_мг/кг_колодец_перед_КНС1,Барий_мг/кг_слив,SED_Массовая доля серы мг/кг_КТ1,SED_Массовая доля серы мг/кг_КТ2,SED_Массовая доля серы мг/кг_КТ3,SED_Массовая доля серы мг/кг_КТ4,SED_Массовая доля серы мг/кг_КТ5,SED_Водородный показатель рН ед.рН_КТ1,SED_Водородный показатель рН ед.рН_КТ2,SED_Водородный показатель рН ед.рН_КТ3,SED_Водородный показатель рН ед.рН_КТ4,SED_Водородный показатель рН ед.рН_КТ5,SED_Массовая доля нитратов мг/кг_КТ1,SED_Массовая доля нитратов мг/кг_КТ2,SED_Массовая доля нитратов мг/кг_КТ3,SED_Массовая доля нитратов мг/кг_КТ4,SED_Массовая доля нитратов мг/кг_КТ5,SED_Массовая доля влаги %_КТ1,SED_Массовая доля влаги %_КТ2,SED_Массовая доля влаги %_КТ3,SED_Массовая доля влаги %_КТ4,SED_Массовая доля влаги %_КТ5,SED_Массовая доля аммонийного азота мг/кг_КТ1,SED_Массовая доля аммонийного азота мг/кг_КТ2,SED_Массовая доля аммонийного азота мг/кг_КТ3,SED_Массовая доля аммонийного азота мг/кг_КТ4,SED_Массовая доля аммонийного азота мг/кг_КТ5,SED_Сухой остаток %_КТ1,SED_Сухой остаток %_КТ2,SED_Сухой остаток %_КТ3,SED_Сухой остаток %_КТ4,SED_Сухой остаток %_КТ5,SED_Органическое вещество %_КТ1,SED_Органическое вещество %_КТ2,SED_Органическое вещество %_КТ3,SED_Органическое вещество %_КТ4,SED_Органическое вещество %_КТ5,SED_Фосфор подвижный мг/кг_КТ1,SED_Фосфор подвижный мг/кг_КТ2,SED_Фосфор подвижный мг/кг_КТ3,SED_Фосфор подвижный мг/кг_КТ4,SED_Фосфор подвижный мг/кг_КТ5,SED_Калий подвижный мг/кг_КТ1,SED_Калий подвижный мг/кг_КТ2,SED_Калий подвижный мг/кг_КТ3,SED_Калий подвижный мг/кг_КТ4,SED_Калий подвижный мг/кг_КТ5,SED_Кальций мг/кг_КТ1,SED_Кальций мг/кг_КТ2,SED_Кальций мг/кг_КТ3,SED_Кальций мг/кг_КТ4,SED_Кальций мг/кг_КТ5,SED_Магний мг/кг_КТ1,SED_Магний мг/кг_КТ2,SED_Магний мг/кг_КТ3,SED_Магний мг/кг_КТ4,SED_Магний мг/кг_КТ5,SED_Азот общий %_КТ1,SED_Азот общий %_КТ2,SED_Азот общий %_КТ3,SED_Азот общий %_КТ4,SED_Азот общий %_КТ5,SED_Хлориды мг/кг_КТ1,SED_Хлориды мг/кг_КТ2,SED_Хлориды мг/кг_КТ3,SED_Хлориды мг/кг_КТ4,SED_Хлориды мг/кг_КТ5,SED_Стронций мг/кг_КТ1,SED_Стронций мг/кг_КТ2,SED_Стронций мг/кг_КТ3,SED_Стронций мг/кг_КТ4,SED_Стронций мг/кг_КТ5,SED_Барий мг/кг_КТ1,SED_Барий мг/кг_КТ2,SED_Барий мг/кг_КТ3,SED_Барий мг/кг_КТ4,SED_Барий мг/кг_КТ5,SED_Натрий мг/кг_КТ1,SED_Натрий мг/кг_КТ2,SED_Натрий мг/кг_КТ3,SED_Натрий мг/кг_КТ4,SED_Натрий мг/кг_КТ5,SED_Фториды мг/кг_КТ1,SED_Фториды мг/кг_КТ2,SED_Фториды мг/кг_КТ3,SED_Фториды мг/кг_КТ4,SED_Фториды мг/кг_КТ5,SED_Фосфат-ион (водораств) мг/кг_КТ1,SED_Фосфат-ион (водораств) мг/кг_КТ2,SED_Фосфат-ион (водораств) мг/кг_КТ3,SED_Фосфат-ион (водораств) мг/кг_КТ4,SED_Фосфат-ион (водораств) мг/кг_КТ5,SED_Нитриты мг/кг_КТ1,SED_Нитриты мг/кг_КТ2,SED_Нитриты мг/кг_КТ3,SED_Нитриты мг/кг_КТ4,SED_Нитриты мг/кг_КТ5,SED_Массовая доля аммонийного азота мг/кг (обменный)_КТ1,SED_Массовая доля аммонийного азота мг/кг (обменный)_КТ2,SED_Массовая доля аммонийного азота мг/кг (обменный)_КТ3,SED_Массовая доля аммонийного азота мг/кг (обменный)_КТ4,SED_Массовая доля аммонийного азота мг/кг (обменный)_КТ5,SED_Зола %_КТ1,SED_Зола %_КТ2,SED_Зола %_КТ3,SED_Зола %_КТ4,SED_Зола %_КТ5,month_sin,month_cos,is_winter
2000-01-01,,,,,,,,,,,,,,,,,,,,,,,,,,,,,,,,,,,,,,,,,,,,,,,,,,,,,,,,,,,,,,,,,,,,,,,,,,,,,,,,,,,,,,,,,,,,,,,,,,,,,,,,,,,,,,,,9.457142857142857,-7.3,22.1,73.5,-7.3,27.2,4.0,,,,,,,,,,,,,,,,,,,,,,,,,,,,,,,,,,,,,,,,,,,,,,,,,,,,,,,,,,,,,,,,,,,,,,,,,,,,,,,,,,,,,,,,,,,,,,,,,,,,,,,,,,,,,,,,,,,,,,,,,,,,,,,,,,,,,,,,,,,,,,,,,,,,,,,,,,,,,,,,,,,,,,,,,,,,,,,,,,,,,,,,,,,,,,,0.49999999999999994,0.8660254037844387,1
2000-02-01,,,,,,,,,,,,,,,,,,,,,,,,,,,,,,,,,,,,,,,,,,,,,,,,,,,,,,,,,,,,,,,,,,,,,,,,,,,,,,,,,,,,,,,,,,,,,,,,,,,,,,,,,,,,,,,,12.783333333333333,0.7,21.5,76.7,0.0,4.2,1.0,,,,,,,,,,,,,,,,,,,,,,,,,,,,,,,,,,,,,,,,,,,,,,,,,,,,,,,,,,,,,,,,,,,,,,,,,,,,,,,,,,,,,,,,,,,,,,,,,,,,,,,,,,,,,,,,,,,,,,,,,,,,,,,,,,,,,,,,,,,,,,,,,,,,,,,,,,,,,,,,,,,,,,,,,,,,,,,,,,,,,,,,,,,,,,,0.8660254037844386,0.5000000000000001,1
2000-03-01,,,,,,,,,,,,,,,,,,,,,,,,,,,,,,,,,,,,,,,,,,,,,,,,,,,,,,,,,,,,,,,,,,,,,,,,,,,,,,,,,,,,,,,,,,,,,,,,,,,,,,,,,,,,,,,,12.033333333333333,-0.7,20.9,72.9,-0.7,1.2,1.0,,,,,,,,,,,,,,,,,,,,,,,,,,,,,,,,,,,,,,,,,,,,,,,,,,,,,,,,,,,,,,,,,,,,,,,,,,,,,,,,,,,,,,,,,,,,,,,,,,,,,,,,,,,,,,,,,,,,,,,,,,,,,,,,,,,,,,,,,,,,,,,,,,,,,,,,,,,,,,,,,,,,,,,,,,,,,,,,,,,,,,,,,,,,,,,1.0,6.123233995736766e-17,0
2000-04-01,,,,,,,,,,,,,,,,,,,,,,,,,,,,,,,,,,,,,,,,,,,,,,,,,,,,,,,,,,,,,,,,,,,,,,,,,,,,,,,,,,,,,,,,,,,,,,,,,,,,,,,,,,,,,,,,8.920833333333333,-0.9,21.3,215.00000000000003,-0.9,24.4,7.0,2.0,,,,,,,,,,,,,,,,,,,,,,,,,,,,,,,,,,,,,,,,,,,,,,,,,,,,,,,,,,,,,,,,,,,,,,,,,,,,,,,,,,,,,,,,,,,,,,,,,,,,,,,,,,,,,,,,,,,,,,,,,,,,,,,,,,,,,,,,,,,,,,,,,,,,,,,,,,,,,,,,,,,,,,,,,,,,,,,,,,,,,,,,,,,,,,0.8660254037844387,-0.4999999999999998,0
2000-05-01,,,,,,,,,,,,,,,,,,,,,,,,,,,,,,,,,,,,,,,,,,,,,,,,,,,,,,,,,,,,,,,,,,,,,,,,,,,,,,,,,,,,,,,,,,,,,,,,,,,,,,,,,,,,,,,,12.376923076923077,0.2,20.6,321.79999999999995,0.0,56.5,10.0,20.0,,,,,,,,,,,,,,,,,,,,,,,,,,,,,,,,,,,,,,,,,,,,,,,,,,,,,,,,,,,,,,,,,,,,,,,,,,,,,,,,,,,,,,,,,,,,,,,,,,,,,,,,,,,,,,,,,,,,,,,,,,,,,,,,,,,,,,,,,,,,,,,,,,,,,,,,,,,,,,,,,,,,,,,,,,,,,,,,,,,,,,,,,,,,,,0.49999999999999994,-0.8660254037844387,0
2000-06-01,,,,,,,,,,,,,,,,,,,,,,,,,,,,,,,,,,,,,,,,,,,,,,,,,,,,,,,,,,,,,,,,,,,,,,,,,,,,,,,,,,,,,,,,,,,,,,,,,,,,,,,,,,,,,,,,17.727999999999998,-2.3,26.3,445.5,-2.3,30.5,7.0,15.0,,,,,,,,,,,,,,,,,,,,,,,,,,,,,,,,,,,,,,,,,,,,,,,,,,,,,,,,,,,,,,,,,,,,,,,,,,,,,,,,,,,,,,,,,,,,,,,,,,,,,,,,,,,,,,,,,,,,,,,,,,,,,,,,,,,,,,,,,,,,,,,,,,,,,,,,,,,,,,,,,,,,,,,,,,,,,,,,,,,,,,,,,,,,,,1.2246467991473532e-16,-1.0,0
2000-07-01,,,,,,,,,,,,,,,,,,,,,,,,,,,,,,,,,,,,,,,,,,,,,,,,,,,,,,,,,,,,,,,,,,,,,,,,,,,,,,,,,,,,,,,,,,,,,,,,,,,,,,,,,,,,,,,,17.034615384615385,-1.3,23.5,444.2,-1.3,48.8,8.0,11.0,,,,,,,,,,,,,,,,,,,,,,,,,,,,,,,,,,,,,,,,,,,,,,,,,,,,,,,,,,,,,,,,,,,,,,,,,,,,,,,,,,,,,,,,,,,,,,,,,,,,,,,,,,,,,,,,,,,,,,,,,,,,,,,,,,,,,,,,,,,,,,,,,,,,,,,,,,,,,,,,,,,,,,,,,,,,,,,,,,,,,,,,,,,,,,-0.4999999999999997,-0.8660254037844388,0
2000-08-01,,,,,,,,,,,,,,,,,,,,,,,,,,,,,,,,,,,,,,,,,,,,,,,,,,,,,,,,,,,,,,,,,,,,,,,,,,,,,,,,,,,,,,,,,,,,,,,,,,,,,,,,,,,,,,,,12.319230769230769,0.7,19.1,320.30000000000007,0.0,103.3,15.0,9.0,,,,,,,,,,,,,,,,,,,,,,,,,,,,,,,,,,,,,,,,,,,,,,,,,,,,,,,,,,,,,,,,,,,,,,,,,,,,,,,,,,,,,,,,,,,,,,,,,,,,,,,,,,,,,,,,,,,,,,,,,,,,,,,,,,,,,,,,,,,,,,,,,,,,,,,,,,,,,,,,,,,,,,,,,,,,,,,,,,,,,,,,,,,,,,-0.8660254037844384,-0.5000000000000004,0
2000-09-01,,,,,,,,,,,,,,,,,,,,,,,,,,,,,,,,,,,,,,,,,,,,,,,,,,,,,,,,,,,,,,,,,,,,,,,,,,,,,,,,,,,,,,,,,,,,,,,,,,,,,,,,,,,,,,,,5.9879999999999995,-0.6,18.8,150.79999999999995,-1.1,79.3,19.0,9.0,,,,,,,,,,,,,,,,,,,,,,,,,,,,,,,,,,,,,,,,,,,,,,,,,,,,,,,,,,,,,,,,,,,,,,,,,,,,,,,,,,,,,,,,,,,,,,,,,,,,,,,,,,,,,,,,,,,,,,,,,,,,,,,,,,,,,,,,,,,,,,,,,,,,,,,,,,,,,,,,,,,,,,,,,,,,,,,,,,,,,,,,,,,,,,-1.0,-1.8369701987210297e-16,0
2000-10-01,,,,,,,,,,,,,,,,,,,,,,,,,,,,,,,,,,,,,,,,,,,,,,,,,,,,,,,,,,,,,,,,,,,,,,,,,,,,,,,,,,,,,,,,,,,,,,,,,,,,,,,,,,,,,,,,3.369230769230769,-7.5,19.9,103.5,-15.9,26.0,12.0,7.0,,,,,,,,,,,,,,,,,,,,,,,,,,,,,,,,,,,,,,,,,,,,,,,,,,,,,,,,,,,,,,,,,,,,,,,,,,,,,,,,,,,,,,,,,,,,,,,,,,,,,,,,,,,,,,,,,,,,,,,,,,,,,,,,,,,,,,,,,,,,,,,,,,,,,,,,,,,,,,,,,,,,,,,,,,,,,,,,,,,,,,,,,,,,,,-0.8660254037844386,0.5000000000000001,0
2000-11-01,,,,,,,,,,,,,,,,,,,,,,,,,,,,,,,,,,,,,,,,,,,,,,,,,,,,,,,,,,,,,,,,,,,,,,,,,,,,,,,,,,,,,,,,,,,,,,,,,,,,,,,,,,,,,,,,10.885714285714286,2.1,21.5,76.2,0.0,1.4000000000000001,2.0,5.0,,,,,,,,,,,,,,,,,,,,,,,,,,,,,,,,,,,,,,,,,,,,,,,,,,,,,,,,,,,,,,,,,,,,,,,,,,,,,,,,,,,,,,,,,,,,,,,,,,,,,,,,,,,,,,,,,,,,,,,,,,,,,,,,,,,,,,,,,,,,,,,,,,,,,,,,,,,,,,,,,,,,,,,,,,,,,,,,,,,,,,,,,,,,,,-0.5000000000000004,0.8660254037844384,0
2000-12-01,,,,,,,,,,,,,,,,,,,,,,,,,,,,,,,,,,,,,,,,,,,,,,,,,,,,,,,,,,,,,,,,,,,,,,,,,,,,,,,,,,,,,,,,,,,,,,,,,,,,,,,,,,,,,,,,11.128571428571428,2.3,22.2,77.89999999999999,0.0,0.6,2.0,3.0,,,,,,,,,,,,,,,,,,,,,,,,,,,,,,,,,,,,,,,,,,,,,,,,,,,,,,,,,,,,,,,,,,,,,,,,,,,,,,,,,,,,,,,,,,,,,,,,,,,,,,,,,,,,,,,,,,,,,,,,,,,,,,,,,,,,,,,,,,,,,,,,,,,,,,,,,,,,,,,,,,,,,,,,,,,,,,,,,,,,,,,,,,,,,,-2.4492935982947064e-16,1.0,1
2001-01-01,,,,,,,,,,,,,,,,,,,,,,,,,,,,,,,,,,,,,,,,,,,,,,,,,,,,,,,,,,,,,,,,,,,,,,,,,,,,,,,,,,,,,,,,,,,,,,,,,,,,,,,,,,,,,,,,10.175,-5.6,21.9,87.0,-5.6,3.6,1.0,51.0,,,,,,,,,,,,,,,,,,,,,,,,,,,,,,,,,,,,,,,,,,,,,,,,,,,,,,,,,,,,,,,,,,,,,,,,,,,,,,,,,,,,,,,,,,,,,,,,,,,,,,,,,,,,,,,,,,,,,,,,,,,,,,,,,,,,,,,,,,,,,,,,,,,,,,,,,,,,,,,,,,,,,,,,,,,,,,,,,,,,,,,,,,,,,,0.49999999999999994,0.8660254037844387,1
2001-02-01,,,,,,,,,,,,,,,,,,,,,,,,,,,,,,,,,,,,,,,,,,,,,,,,,,,,,,,,,,,,,,,,,,,,,,,,,,,,,,,,,,,,,,,,,,,,,,,,,,,,,,,,,,,,,,,,10.7875,0.3,24.3,86.30000000000001,0.0,19.9,3.0,51.0,,,,,,,,,,,,,,,,,,,,,,,,,,,,,,,,,,,,,,,,,,,,,,,,,,,,,,,,,,,,,,,,,,,,,,,,,,,,,,,,,,,,,,,,,,,,,,,,,,,,,,,,,,,,,,,,,,,,,,,,,,,,,,,,,,,,,,,,,,,,,,,,,,,,,,,,,,,,,,,,,,,,,,,,,,,,,,,,,,,,,,,,,,,,,,0.8660254037844386,0.5000000000000001,1
2001-03-01,,,,,,,,,,,,,,,,,,,,,,,,,,,,,,,,,,,,,,,,,,,,,,,,,,,,,,,,,,,,,,,,,,,,,,,,,,,,,,,,,,,,,,,,,,,,,,,,,,,,,,,,,,,,,,,,0.09166666666666652,-14.1,22.7,89.6,-87.40000000000002,59.1,16.0,51.0,,,,,,,,,,,,,,,,,,,,,,,,,,,,,,,,,,,,,,,,,,,,,,,,,,,,,,,,,,,,,,,,,,,,,,,,,,,,,,,,,,,,,,,,,,,,,,,,,,,,,,,,,,,,,,,,,,,,,,,,,,,,,,,,,,,,,,,,,,,,,,,,,,,,,,,,,,,,,,,,,,,,,,,,,,,,,,,,,,,,,,,,,,,,,,1.0,6.123233995736766e-17,0
2001-04-01,,,,,,,,,,,,,,,,,,,,,,,,,,,,,,,,,,,,,,,,,,,,,,,,,,,,,,,,,,,,,,,,,,,,,,,,,,,,,,,,,,,,,,,,,,,,,,,,,,,,,,,,,,,,,,,,7.196153846153846,-3.2,21.4,190.39999999999998,-3.3000000000000003,16.9,7.0,46.0,,,,,,,,,,,,,,,,,,,,,,,,,,,,,,,,,,,,,,,,,,,,,,,,,,,,,,,,,,,,,,,,,,,,,,,,,,,,,,,,,,,,,,,,,,,,,,,,,,,,,,,,,,,,,,,,,,,,,,,,,,,,,,,,,,,,,,,,,,,,,,,,,,,,,,,,,,,,,,,,,,,,,,,,,,,,,,,,,,,,,,,,,,,,,,0.8660254037844387,-0.4999999999999998,0
2001-05-01,,,,,,,,,,,,,,,,,,,,,,,,,,,,,,,,,,,,,,,,,,,,,,,,,,,,,,,,,,,,,,,,,,,,,,,,,,,,,,,,,,,,,,,,,,,,,,,,,,,,,,,,,,,,,,,,13.5,-3.5,23.2,368.00000000000006,-3.5,134.70000000000002,15.0,41.0,,,,,,,,,,,,,,,,,,,,,,,,,,,,,,,,,,,,,,,,,,,,,,,,,,,,,,,,,,,,,,,,,,,,,,,,,,,,,,,,,,,,,,,,,,,,,,,,,,,,,,,,,,,,,,,,,,,,,,,,,,,,,,,,,,,,,,,,,,,,,,,,,,,,,,,,,,,,,,,,,,,,,,,,,,,,,,,,,,,,,,,,,,,,,,0.49999999999999994,-0.8660254037844387,0
2001-06-01,,,,,,,,,,,,,,,,,,,,,,,,,,,,,,,,,,,,,,,,,,,,,,,,,,,,,,,,,,,,,,,,,,,,,,,,,,,,,,,,,,,,,,,,,,,,,,,,,,,,,,,,,,,,,,,,13.934615384615386,-9.4,19.8,371.7,-9.4,111.10000000000001,17.0,41.0,,,,,,,,,,,,,,,,,,,,,,,,,,,,,,,,,,,,,,,,,,,,,,,,,,,,,,,,,,,,,,,,,,,,,,,,,,,,,,,,,,,,,,,,,,,,,,,,,,,,,,,,,,,,,,,,,,,,,,,,,,,,,,,,,,,,,,,,,,,,,,,,,,,,,,,,,,,,,,,,,,,,,,,,,,,,,,,,,,,,,,,,,,,,,,1.2246467991473532e-16,-1.0,0
2001-07-01,,,,,,,,,,,,,,,,,,,,,,,,,,,,,,,,,,,,,,,,,,,,,,,,,,,,,,,,,,,,,,,,,,,,,,,,,,,,,,,,,,,,,,,,,,,,,,,,,,,,,,,,,,,,,,,,15.44814814814815,-3.8,21.6,420.9,-3.8,42.5,11.0,41.0,,,,,,,,,,,,,,,,,,,,,,,,,,,,,,,,,,,,,,,,,,,,,,,,,,,,,,,,,,,,,,,,,,,,,,,,,,,,,,,,,,,,,,,,,,,,,,,,,,,,,,,,,,,,,,,,,,,,,,,,,,,,,,,,,,,,,,,,,,,,,,,,,,,,,,,,,,,,,,,,,,,,,,,,,,,,,,,,,,,,,,,,,,,,,,-0.4999999999999997,-0.8660254037844388,0
2001-08-01,,,,,,,,,,,,,,,,,,,,,,,,,,,,,,,,,,,,,,,,,,,,,,,,,,,,,,,,,,,,,,,,,,,,,,,,,,,,,,,,,,,,,,,,,,,,,,,,,,,,,,,,,,,,,,,,13.084615384615384,2.2,21.6,340.2,0.0,52.900000000000006,15.0,41.0,,,,,,,,,,,,,,,,,,,,,,,,,,,,,,,,,,,,,,,,,,,,,,,,,,,,,,,,,,,,,,,,,,,,,,,,,,,,,,,,,,,,,,,,,,,,,,,,,,,,,,,,,,,,,,,,,,,,,,,,,,,,,,,,,,,,,,,,,,,,,,,,,,,,,,,,,,,,,,,,,,,,,,,,,,,,,,,,,,,,,,,,,,,,,,-0.8660254037844384,-0.5000000000000004,0
2001-09-01,,,,,,,,,,,,,,,,,,,,,,,,,,,,,,,,,,,,,,,,,,,,,,,,,,,,,,,,,,,,,,,,,,,,,,,,,,,,,,,,,,,,,,,,,,,,,,,,,,,,,,,,,,,,,,,,8.896,1.5,17.0,222.4,0.0,41.9,9.0,41.0,,,,,,,,,,,,,,,,,,,,,,,,,,,,,,,,,,,,,,,,,,,,,,,,,,,,,,,,,,,,,,,,,,,,,,,,,,,,,,,,,,,,,,,,,,,,,,,,,,,,,,,,,,,,,,,,,,,,,,,,,,,,,,,,,,,,,,,,,,,,,,,,,,,,,,,,,,,,,,,,,,,,,,,,,,,,,,,,,,,,,,,,,,,,,,-1.0,-1.8369701987210297e-16,0
2001-10-01,,,,,,,,,,,,,,,,,,,,,,,,,,,,,,,,,,,,,,,,,,,,,,,,,,,,,,,,,,,,,,,,,,,,,,,,,,,,,,,,,,,,,,,,,,,,,,,,,,,,,,,,,,,,,,,,-0.05555555555555544,-12.0,17.8,67.39999999999999,-68.9,50.4,13.0,32.0,,,,,,,,,,,,,,,,,,,,,,,,,,,,,,,,,,,,,,,,,,,,,,,,,,,,,,,,,,,,,,,,,,,,,,,,,,,,,,,,,,,,,,,,,,,,,,,,,,,,,,,,,,,,,,,,,,,,,,,,,,,,,,,,,,,,,,,,,,,,,,,,,,,,,,,,,,,,,,,,,,,,,,,,,,,,,,,,,,,,,,,,,,,,,,-0.8660254037844386,0.5000000000000001,0
2001-11-01,,,,,,,,,,,,,,,,,,,,,,,,,,,,,,,,,,,,,,,,,,,,,,,,,,,,,,,,,,,,,,,,,,,,,,,,,,,,,,,,,,,,,,,,,,,,,,,,,,,,,,,,,,,,,,,,9.385714285714286,2.0,15.7,65.69999999999999,0.0,23.4,3.0,31.0,,,,,,,,,,,,,,,,,,,,,,,,,,,,,,,,,,,,,,,,,,,,,,,,,,,,,,,,,,,,,,,,,,,,,,,,,,,,,,,,,,,,,,,,,,,,,,,,,,,,,,,,,,,,,,,,,,,,,,,,,,,,,,,,,,,,,,,,,,,,,,,,,,,,,,,,,,,,,,,,,,,,,,,,,,,,,,,,,,,,,,,,,,,,,,-0.5000000000000004,0.8660254037844384,0
2001-12-01,,,,,,,,,,,,,,,,,,,,,,,,,,,,,,,,,,,,,,,,,,,,,,,,,,,,,,,,,,,,,,,,,,,,,,,,,,,,,,,,,,,,,,,,,,,,,,,,,,,,,,,,,,,,,,,,10.685714285714285,-0.8,17.2,75.6,-0.8,1.9000000000000001,3.0,29.0,,,,,,,,,,,,,,,,,,,,,,,,,,,,,,,,,,,,,,,,,,,,,,,,,,,,,,,,,,,,,,,,,,,,,,,,,,,,,,,,,,,,,,,,,,,,,,,,,,,,,,,,,,,,,,,,,,,,,,,,,,,,,,,,,,,,,,,,,,,,,,,,,,,,,,,,,,,,,,,,,,,,,,,,,,,,,,,,,,,,,,,,,,,,,,-2.4492935982947064e-16,1.0,1
2002-01-01,,,,,,,,,,,,,,,,,,,,,,,,,,,,,,,,,,,,,,,,,,,,,,,,,,,,,,,,,,,,,,,,,,,,,,,,,,,,,,,,,,,,,,,,,,,,,,,,,,,,,,,,,,,,,,,,9.771428571428572,2.9,16.3,68.4,0.0,20.3,4.0,,,,,,,,,,,,,,,,,,,,,,,,,,,,,,,,,,,,,,,,,,,,,,,,,,,,,,,,,,,,,,,,,,,,,,,,,,,,,,,,,,,,,,,,,,,,,,,,,,,,,,,,,,,,,,,,,,,,,,,,,,,,,,,,,,,,,,,,,,,,,,,,,,,,,,,,,,,,,,,,,,,,,,,,,,,,,,,,,,,,,,,,,,,,,,,0.49999999999999994,0.8660254037844387,1
2002-02-01,,,,,,,,,,,,,,,,,,,,,,,,,,,,,,,,,,,,,,,,,,,,,,,,,,,,,,,,,,,,,,,,,,,,,,,,,,,,,,,,,,,,,,,,,,,,,,,,,,,,,,,,,,,,,,,,10.171428571428573,-0.2,19.0,71.4,-0.2,0.0,0.0,,,,,,,,,,,,,,,,,,,,,,,,,,,,,,,,,,,,,,,,,,,,,,,,,,,,,,,,,,,,,,,,,,,,,,,,,,,,,,,,,,,,,,,,,,,,,,,,,,,,,,,,,,,,,,,,,,,,,,,,,,,,,,,,,,,,,,,,,,,,,,,,,,,,,,,,,,,,,,,,,,,,,,,,,,,,,,,,,,,,,,,,,,,,,,,0.8660254037844386,0.5000000000000001,1
2002-03-01,,,,,,,,,,,,,,,,,,,,,,,,,,,,,,,,,,,,,,,,,,,,,,,,,,,,,,,,,,,,,,,,,,,,,,,,,,,,,,,,,,,,,,,,,,,,,,,,,,,,,,,,,,,,,,,,11.328571428571427,-2.4,21.7,81.7,-2.4,4.5,3.0,,,,,,,,,,,,,,,,,,,,,,,,,,,,,,,,,,,,,,,,,,,,,,,,,,,,,,,,,,,,,,,,,,,,,,,,,,,,,,,,,,,,,,,,,,,,,,,,,,,,,,,,,,,,,,,,,,,,,,,,,,,,,,,,,,,,,,,,,,,,,,,,,,,,,,,,,,,,,,,,,,,,,,,,,,,,,,,,,,,,,,,,,,,,,,,1.0,6.123233995736766e-17,0
2002-04-01,,,,,,,,,,,,,,,,,,,,,,,,,,,,,,,,,,,,,,,,,,,,,,,,,,,,,,,,,,,,,,,,,,,,,,,,,,,,,,,,,,,,,,,,,,,,,,,,,,,,,,,,,,,,,,,,6.117391304347826,-5.4,23.4,150.6,-9.9,19.299999999999997,2.0,10.0,,,,,,,,,,,,,,,,,,,,,,,,,,,,,,,,,,,,,,,,,,,,,,,,,,,,,,,,,,,,,,,,,,,,,,,,,,,,,,,,,,,,,,,,,,,,,,,,,,,,,,,,,,,,,,,,,,,,,,,,,,,,,,,,,,,,,,,,,,,,,,,,,,,,,,,,,,,,,,,,,,,,,,,,,,,,,,,,,,,,,,,,,,,,,,0.8660254037844387,-0.4999999999999998,0
2002-05-01,,,,,,,,,,,,,,,,,,,,,,,,,,,,,,,,,,,,,,,,,,,,,,,,,,,,,,,,,,,,,,,,,,,,,,,,,,,,,,,,,,,,,,,,,,,,,,,,,,,,,,,,,,,,,,,,9.838461538461539,-2.5,23.9,258.3,-2.5,71.5,16.0,,,,,,,,,,,,,,,,,,,,,,,,,,,,,,,,,,,,,,,,,,,,,,,,,,,,,,,,,,,,,,,,,,,,,,,,,,,,,,,,,,,,,,,,,,,,,,,,,,,,,,,,,,,,,,,,,,,,,,,,,,,,,,,,,,,,,,,,,,,,,,,,,,,,,,,,,,,,,,,,,,,,,,,,,,,,,,,,,,,,,,,,,,,,,,,0.49999999999999994,-0.8660254037844387,0
2002-06-01,,,,,,,,,,,,,,,,,,,,,,,,,,,,,,,,,,,,,,,,,,,,,,,,,,,,,,,,,,,,,,,,,,,,,,,,,,,,,,,,,,,,,,,,,,,,,,,,,,,,,,,,,,,,,,,,16.983333333333334,1.6,23.4,407.59999999999997,0.0,36.4,8.0,,,,,,,,,,,,,,,,,,,,,,,,,,,,,,,,,,,,,,,,,,,,,,,,,,,,,,,,,,,,,,,,,,,,,,,,,,,,,,,,,,,,,,,,,,,,,,,,,,,,,,,,,,,,,,,,,,,,,,,,,,,,,,,,,,,,,,,,,,,,,,,,,,,,,,,,,,,,,,,,,,,,,,,,,,,,,,,,,,,,,,,,,,,,,,,1.2246467991473532e-16,-1.0,0
2002-07-01,,,,,,,,,,,,,,,,,,,,,,,,,,,,,,,,,,,,,,,,,,,,,,,,,,,,,,,,,,,,,,,,,,,,,,,,,,,,,,,,,,,,,,,,,,,,,,,,,,,,,,,,,,,,,,,,15.044,2.7,25.0,376.09999999999997,0.0,33.699999999999996,10.0,,,,,,,,,,,,,,,,,,,,,,,,,,,,,,,,,,,,,,,,,,,,,,,,,,,,,,,,,,,,,,,,,,,,,,,,,,,,,,,,,,,,,,,,,,,,,,,,,,,,,,,,,,,,,,,,,,,,,,,,,,,,,,,,,,,,,,,,,,,,,,,,,,,,,,,,,,,,,,,,,,,,,,,,,,,,,,,,,,,,,,,,,,,,,,,-0.4999999999999997,-0.8660254037844388,0
2002-08-01,,,,,,,,,,,,,,,,,,,,,,,,,,,,,,,,,,,,,,,,,,,,,,,,,,,,,,,,,,,,,,,,,,,,,,,,,,,,,,,,,,,,,,,,,,,,,,,,,,,,,,,,,,,,,,,,12.164000000000001,-0.3,20.7,304.4,-0.3,36.6,12.0,,,,,,,,,,,,,,,,,,,,,,,,,,,,,,,,,,,,,,,,,,,,,,,,,,,,,,,,,,,,,,,,,,,,,,,,,,,,,,,,,,,,,,,,,,,,,,,,,,,,,,,,,,,,,,,,,,,,,,,,,,,,,,,,,,,,,,,,,,,,,,,,,,,,,,,,,,,,,,,,,,,,,,,,,,,,,,,,,,,,,,,,,,,,,,,-0.8660254037844384,-0.5000000000000004,0
2002-09-01,,,,,,,,,,,,,,,,,,,,,,,,,,,,,,,,,,,,,,,,,,,,,,,,,,,,,,,,,,,,,,,,,,,,,,,,,,,,,,,,,,,,,,,,,,,,,,,,,,,,,,,,,,,,,,,,8.816666666666666,-1.1,20.1,212.7,-1.1,58.8,12.0,,,,,,,,,,,,,,,,,,,,,,,,,,,,,,,,,,,,,,,,,,,,,,,,,,,,,,,,,,,,,,,,,,,,,,,,,,,,,,,,,,,,,,,,,,,,,,,,,,,,,,,,,,,,,,,,,,,,,,,,,,,,,,,,,,,,,,,,,,,,,,,,,,,,,,,,,,,,,,,,,,,,,,,,,,,,,,,,,,,,,,,,,,,,,,,-1.0,-1.8369701987210297e-16,0
2002-10-01,,,,,,,,,,,,,,,,,,,,,,,,,,,,,,,,,,,,,,,,,,,,,,,,,,,,,,,,,,,,,,,,,,,,,,,,,,,,,,,,,,,,,,,,,,,,,,,,,,,,,,,,,,,,,,,,3.708,-4.6,20.5,107.50000000000001,-14.799999999999997,20.3,9.0,2.0,,,,,,,,,,,,,,,,,,,,,,,,,,,,,,,,,,,,,,,,,,,,,,,,,,,,,,,,,,,,,,,,,,,,,,,,,,,,,,,,,,,,,,,,,,,,,,,,,,,,,,,,,,,,,,,,,,,,,,,,,,,,,,,,,,,,,,,,,,,,,,,,,,,,,,,,,,,,,,,,,,,,,,,,,,,,,,,,,,,,,,,,,,,,,,-0.8660254037844386,0.5000000000000001,0
2002-11-01,,,,,,,,,,,,,,,,,,,,,,,,,,,,,,,,,,,,,,,,,,,,,,,,,,,,,,,,,,,,,,,,,,,,,,,,,,,,,,,,,,,,,,,,,,,,,,,,,,,,,,,,,,,,,,,,11.933333333333332,0.0,19.3,71.60000000000001,0.0,3.6,3.0,,,,,,,,,,,,,,,,,,,,,,,,,,,,,,,,,,,,,,,,,,,,,,,,,,,,,,,,,,,,,,,,,,,,,,,,,,,,,,,,,,,,,,,,,,,,,,,,,,,,,,,,,,,,,,,,,,,,,,,,,,,,,,,,,,,,,,,,,,,,,,,,,,,,,,,,,,,,,,,,,,,,,,,,,,,,,,,,,,,,,,,,,,,,,,,-0.5000000000000004,0.8660254037844384,0
2002-12-01,,,,,,,,,,,,,,,,,,,,,,,,,,,,,,,,,,,,,,,,,,,,,,,,,,,,,,,,,,,,,,,,,,,,,,,,,,,,,,,,,,,,,,,,,,,,,,,,,,,,,,,,,,,,,,,,8.633333333333333,-0.9,13.9,52.7,-0.9,10.7,4.0,3.0,,,,,,,,,,,,,,,,,,,,,,,,,,,,,,,,,,,,,,,,,,,,,,,,,,,,,,,,,,,,,,,,,,,,,,,,,,,,,,,,,,,,,,,,,,,,,,,,,,,,,,,,,,,,,,,,,,,,,,,,,,,,,,,,,,,,,,,,,,,,,,,,,,,,,,,,,,,,,,,,,,,,,,,,,,,,,,,,,,,,,,,,,,,,,,-2.4492935982947064e-16,1.0,1
2003-01-01,,,,,,,,,,,,,,,,,,,,,,,,,,,,,,,,,,,,,,,,,,,,,,,,,,,,,,,,,,,,,,,,,,,,,,,,,,,,,,,,,,,,,,,,,,,,,,,,,,,,,,,,,,,,,,,,14.916666666666666,7.9,22.9,89.5,0.0,2.6,3.0,,,,,,,,,,,,,,,,,,,,,,,,,,,,,,,,,,,,,,,,,,,,,,,,,,,,,,,,,,,,,,,,,,,,,,,,,,,,,,,,,,,,,,,,,,,,,,,,,,,,,,,,,,,,,,,,,,,,,,,,,,,,,,,,,,,,,,,,,,,,,,,,,,,,,,,,,,,,,,,,,,,,,,,,,,,,,,,,,,,,,,,,,,,,,,,0.49999999999999994,0.8660254037844387,1
2003-02-01,,,,,,,,,,,,,,,,,,,,,,,,,,,,,,,,,,,,,,,,,,,,,,,,,,,,,,,,,,,,,,,,,,,,,,,,,,,,,,,,,,,,,,,,,,,,,,,,,,,,,,,,,,,,,,,,15.4,10.5,20.5,92.39999999999999,0.0,0.9,2.0,,,,,,,,,,,,,,,,,,,,,,,,,,,,,,,,,,,,,,,,,,,,,,,,,,,,,,,,,,,,,,,,,,,,,,,,,,,,,,,,,,,,,,,,,,,,,,,,,,,,,,,,,,,,,,,,,,,,,,,,,,,,,,,,,,,,,,,,,,,,,,,,,,,,,,,,,,,,,,,,,,,,,,,,,,,,,,,,,,,,,,,,,,,,,,,0.8660254037844386,0.5000000000000001,1
2003-03-01,,,,,,,,,,,,,,,,,,,,,,,,,,,,,,,,,,,,,,,,,,,,,,,,,,,,,,,,,,,,,,,,,,,,,,,,,,,,,,,,,,,,,,,,,,,,,,,,,,,,,,,,,,,,,,,,15.983333333333334,6.9,23.0,95.89999999999999,0.0,3.5,2.0,,,,,,,,,,,,,,,,,,,,,,,,,,,,,,,,,,,,,,,,,,,,,,,,,,,,,,,,,,,,,,,,,,,,,,,,,,,,,,,,,,,,,,,,,,,,,,,,,,,,,,,,,,,,,,,,,,,,,,,,,,,,,,,,,,,,,,,,,,,,,,,,,,,,,,,,,,,,,,,,,,,,,,,,,,,,,,,,,,,,,,,,,,,,,,,1.0,6.123233995736766e-17,0
2003-04-01,,,,,,,,,,,,,,,,,,,,,,,,,,,,,,,,,,,,,,,,,,,,,,,,,,,,,,,,,,,,,,,,,,,,,,,,,,,,,,,,,,,,,,,,,,,,,,,,,,,,,,,,,,,,,,,,5.856,-7.2,21.9,165.79999999999998,-19.400000000000002,23.0,9.0,7.0,,,,,,,,,,,,,,,,,,,,,,,,,,,,,,,,,,,,,,,,,,,,,,,,,,,,,,,,,,,,,,,,,,,,,,,,,,,,,,,,,,,,,,,,,,,,,,,,,,,,,,,,,,,,,,,,,,,,,,,,,,,,,,,,,,,,,,,,,,,,,,,,,,,,,,,,,,,,,,,,,,,,,,,,,,,,,,,,,,,,,,,,,,,,,,0.8660254037844387,-0.4999999999999998,0
2003-05-01,,,,,,,,,,,,,,,,,,,,,,,,,,,,,,,,,,,,,,,,,,,,,,,,,,,,,,,,,,,,,,,,,,,,,,,,,,,,,,,,,,,,,,,,,,,,,,,,,,,,,,,,,,,,,,,,13.972000000000001,5.9,22.9,349.29999999999995,0.0,80.2,10.0,,,,,,,,,,,,,,,,,,,,,,,,,,,,,,,,,,,,,,,,,,,,,,,,,,,,,,,,,,,,,,,,,,,,,,,,,,,,,,,,,,,,,,,,,,,,,,,,,,,,,,,,,,,,,,,,,,,,,,,,,,,,,,,,,,,,,,,,,,,,,,,,,,,,,,,,,,,,,,,,,,,,,,,,,,,,,,,,,,,,,,,,,,,,,,,0.49999999999999994,-0.8660254037844387,0
2003-06-01,,,,,,,,,,,,,,,,,,,,,,,,,,,,,,,,,,,,,,,,,,,,,,,,,,,,,,,,,,,,,,,,,,,,,,,,,,,,,,,,,,,,,,,,,,,,,,,,,,,,,,,,,,,,,,,,17.570833333333333,3.3,24.7,421.7,0.0,40.7,9.0,,,,,,,,,,,,,,,,,,,,,,,,,,,,,,,,,,,,,,,,,,,,,,,,,,,,,,,,,,,,,,,,,,,,,,,,,,,,,,,,,,,,,,,,,,,,,,,,,,,,,,,,,,,,,,,,,,,,,,,,,,,,,,,,,,,,,,,,,,,,,,,,,,,,,,,,,,,,,,,,,,,,,,,,,,,,,,,,,,,,,,,,,,,,,,,1.2246467991473532e-16,-1.0,0
2003-07-01,,,,,,,,,,,,,,,,,,,,,,,,,,,,,,,,,,,,,,,,,,,,,,,,,,,,,,,,,,,,,,,,,,,,,,,,,,,,,,,,,,,,,,,,,,,,,,,,,,,,,,,,,,,,,,,,15.364,-0.6,23.3,384.7,-0.6,69.0,10.0,,,,,,,,,,,,,,,,,,,,,,,,,,,,,,,,,,,,,,,,,,,,,,,,,,,,,,,,,,,,,,,,,,,,,,,,,,,,,,,,,,,,,,,,,,,,,,,,,,,,,,,,,,,,,,,,,,,,,,,,,,,,,,,,,,,,,,,,,,,,,,,,,,,,,,,,,,,,,,,,,,,,,,,,,,,,,,,,,,,,,,,,,,,,,,,-0.4999999999999997,-0.8660254037844388,0
2003-08-01,,,,,,,,,,,,,,,,,,,,,,,,,,,,,,,,,,,,,,,,,,,,,,,,,,,,,,,,,,,,,,,,,,,,,,,,,,,,,,,,,,,,,,,,,,,,,,,,,,,,,,,,,,,,,,,,18.072,4.8,22.9,451.8,0.0,44.3,8.0,,,,,,,,,,,,,,,,,,,,,,,,,,,,,,,,,,,,,,,,,,,,,,,,,,,,,,,,,,,,,,,,,,,,,,,,,,,,,,,,,,,,,,,,,,,,,,,,,,,,,,,,,,,,,,,,,,,,,,,,,,,,,,,,,,,,,,,,,,,,,,,,,,,,,,,,,,,,,,,,,,,,,,,,,,,,,,,,,,,,,,,,,,,,,,,-0.8660254037844384,-0.5000000000000004,0
2003-09-01,,,,,,,,,,,,,,,,,,,,,,,,,,,,,,,,,,,,,,,,,,,,,,,,,,,,,,,,,,,,,,,,,,,,,,,,,,,,,,,,,,,,,,,,,,,,,,,,,,,,,,,,,,,,,,,,9.428,2.3,22.6,235.7,0.0,20.2,8.0,22.0,,,,,,,,,,,,,,,,,,,,,,,,,,,,,,,,,,,,,,,,,,,,,,,,,,,,,,,,,,,,,,,,,,,,,,,,,,,,,,,,,,,,,,,,,,,,,,,,,,,,,,,,,,,,,,,,,,,,,,,,,,,,,,,,,,,,,,,,,,,,,,,,,,,,,,,,,,,,,,,,,,,,,,,,,,,,,,,,,,,,,,,,,,,,,,-1.0,-1.8369701987210297e-16,0
2003-10-01,,,,,,,,,,,,,,,,,,,,,,,,,,,,,,,,,,,,,,,,,,,,,,,,,,,,,,,,,,,,,,,,,,,,,,,,,,,,,,,,,,,,,,,,,,,,,,,,,,,,,,,,,,,,,,,,6.373684210526315,-6.1,21.9,127.8,-6.699999999999999,42.7,7.0,21.0,,,,,,,,,,,,,,,,,,,,,,,,,,,,,,,,,,,,,,,,,,,,,,,,,,,,,,,,,,,,,,,,,,,,,,,,,,,,,,,,,,,,,,,,,,,,,,,,,,,,,,,,,,,,,,,,,,,,,,,,,,,,,,,,,,,,,,,,,,,,,,,,,,,,,,,,,,,,,,,,,,,,,,,,,,,,,,,,,,,,,,,,,,,,,,-0.8660254037844386,0.5000000000000001,0
2003-11-01,,,,,,,,,,,,,,,,,,,,,,,,,,,,,,,,,,,,,,,,,,,,,,,,,,,,,,,,,,,,,,,,,,,,,,,,,,,,,,,,,,,,,,,,,,,,,,,,,,,,,,,,,,,,,,,,12.642857142857142,7.0,18.1,88.5,0.0,38.6,1.0,18.0,,,,,,,,,,,,,,,,,,,,,,,,,,,,,,,,,,,,,,,,,,,,,,,,,,,,,,,,,,,,,,,,,,,,,,,,,,,,,,,,,,,,,,,,,,,,,,,,,,,,,,,,,,,,,,,,,,,,,,,,,,,,,,,,,,,,,,,,,,,,,,,,,,,,,,,,,,,,,,,,,,,,,,,,,,,,,,,,,,,,,,,,,,,,,,-0.5000000000000004,0.8660254037844384,0
2003-12-01,,,,,,,,,,,,,,,,,,,,,,,,,,,,,,,,,,,,,,,,,,,,,,,,,,,,,,,,,,,,,,,,,,,,,,,,,,,,,,,,,,,,,,,,,,,,,,,,,,,,,,,,,,,,,,,,11.757142857142856,-1.1,17.9,83.39999999999999,-1.1,36.7,1.0,7.0,,,,,,,,,,,,,,,,,,,,,,,,,,,,,,,,,,,,,,,,,,,,,,,,,,,,,,,,,,,,,,,,,,,,,,,,,,,,,,,,,,,,,,,,,,,,,,,,,,,,,,,,,,,,,,,,,,,,,,,,,,,,,,,,,,,,,,,,,,,,,,,,,,,,,,,,,,,,,,,,,,,,,,,,,,,,,,,,,,,,,,,,,,,,,,-2.4492935982947064e-16,1.0,1
2004-01-01,,,,,,,,,,,,,,,,,,,,,,,,,,,,,,,,,,,,,,,,,,,,,,,,,,,,,,,,,,,,,,,,,,,,,,,,,,,,,,,,,,,,,,,,,,,,,,,,,,,,,,,,,,,,,,,,13.242857142857144,-5.6,23.8,98.3,-5.6,6.300000000000001,2.0,11.0,,,,,,,,,,,,,,,,,,,,,,,,,,,,,,,,,,,,,,,,,,,,,,,,,,,,,,,,,,,,,,,,,,,,,,,,,,,,,,,,,,,,,,,,,,,,,,,,,,,,,,,,,,,,,,,,,,,,,,,,,,,,,,,,,,,,,,,,,,,,,,,,,,,,,,,,,,,,,,,,,,,,,,,,,,,,,,,,,,,,,,,,,,,,,,0.49999999999999994,0.8660254037844387,1
2004-02-01,,,,,,,,,,,,,,,,,,,,,,,,,,,,,,,,,,,,,,,,,,,,,,,,,,,,,,,,,,,,,,,,,,,,,,,,,,,,,,,,,,,,,,,,,,,,,,,,,,,,,,,,,,,,,,,,12.085714285714287,-2.7,21.6,87.30000000000001,-2.7,13.4,5.0,3.0,,,,,,,,,,,,,,,,,,,,,,,,,,,,,,,,,,,,,,,,,,,,,,,,,,,,,,,,,,,,,,,,,,,,,,,,,,,,,,,,,,,,,,,,,,,,,,,,,,,,,,,,,,,,,,,,,,,,,,,,,,,,,,,,,,,,,,,,,,,,,,,,,,,,,,,,,,,,,,,,,,,,,,,,,,,,,,,,,,,,,,,,,,,,,,0.8660254037844386,0.5000000000000001,1
2004-03-01,,,,,,,,,,,,,,,,,,,,,,,,,,,,,,,,,,,,,,,,,,,,,,,,,,,,,,,,,,,,,,,,,,,,,,,,,,,,,,,,,,,,,,,,,,,,,,,,,,,,,,,,,,,,,,,,10.857142857142858,-1.4,19.8,77.39999999999999,-1.4,12.6,4.0,2.0,,,,,,,,,,,,,,,,,,,,,,,,,,,,,,,,,,,,,,,,,,,,,,,,,,,,,,,,,,,,,,,,,,,,,,,,,,,,,,,,,,,,,,,,,,,,,,,,,,,,,,,,,,,,,,,,,,,,,,,,,,,,,,,,,,,,,,,,,,,,,,,,,,,,,,,,,,,,,,,,,,,,,,,,,,,,,,,,,,,,,,,,,,,,,,1.0,6.123233995736766e-17,0
2004-04-01,,,,,,,,,,,,,,,,,,,,,,,,,,,,,,,,,,,,,,,,,,,,,,,,,,,,,,,,,,,,,,,,,,,,,,,,,,,,,,,,,,,,,,,,,,,,,,,,,,,,,,,,,,,,,,,,9.942857142857141,-1.1,19.0,70.70000000000002,-1.1,13.5,4.0,3.0,,,,,,,,,,,,,,,,,,,,,,,,,,,,,,,,,,,,,,,,,,,,,,,,,,,,,,,,,,,,,,,,,,,,,,,,,,,,,,,,,,,,,,,,,,,,,,,,,,,,,,,,,,,,,,,,,,,,,,,,,,,,,,,,,,,,,,,,,,,,,,,,,,,,,,,,,,,,,,,,,,,,,,,,,,,,,,,,,,,,,,,,,,,,,,0.8660254037844387,-0.4999999999999998,0
2004-05-01,,,,,,,,,,,,,,,,,,,,,,,,,,,,,,,,,,,,,,,,,,,,,,,,,,,,,,,,,,,,,,,,,,,,,,,,,,,,,,,,,,,,,,,,,,,,,,,,,,,,,,,,,,,,,,,,14.8,-4.3,25.2,389.09999999999997,-4.3,32.1,7.0,8.0,,,,,,,,,,,,,,,,,,,,,,,,,,,,,,,,,,,,,,,,,,,,,,,,,,,,,,,,,,,,,,,,,,,,,,,,,,,,,,,,,,,,,,,,,,,,,,,,,,,,,,,,,,,,,,,,,,,,,,,,,,,,,,,,,,,,,,,,,,,,,,,,,,,,,,,,,,,,,,,,,,,,,,,,,,,,,,,,,,,,,,,,,,,,,,0.49999999999999994,-0.8660254037844387,0
2004-06-01,,,,,,,,,,,,,,,,,,,,,,,,,,,,,,,,,,,,,,,,,,,,,,,,,,,,,,,,,,,,,,,,,,,,,,,,,,,,,,,,,,,,,,,,,,,,,,,,,,,,,,,,,,,,,,,,14.672,-7.6,24.4,374.4,-7.6,54.199999999999996,13.0,8.0,,,,,,,,,,,,,,,,,,,,,,,,,,,,,,,,,,,,,,,,,,,,,,,,,,,,,,,,,,,,,,,,,,,,,,,,,,,,,,,,,,,,,,,,,,,,,,,,,,,,,,,,,,,,,,,,,,,,,,,,,,,,,,,,,,,,,,,,,,,,,,,,,,,,,,,,,,,,,,,,,,,,,,,,,,,,,,,,,,,,,,,,,,,,,,1.2246467991473532e-16,-1.0,0
2004-07-01,,,,,,,,,,,,,,,,,,,,,,,,,,,,,,,,,,,,,,,,,,,,,,,,,,,,,,,,,,,,,,,,,,,,,,,,,,,,,,,,,,,,,,,,,,,,,,,,,,,,,,,,,,,,,,,,17.326923076923077,-11.4,24.6,461.9,-11.4,45.1,12.0,8.0,,,,,,,,,,,,,,,,,,,,,,,,,,,,,,,,,,,,,,,,,,,,,,,,,,,,,,,,,,,,,,,,,,,,,,,,,,,,,,,,,,,,,,,,,,,,,,,,,,,,,,,,,,,,,,,,,,,,,,,,,,,,,,,,,,,,,,,,,,,,,,,,,,,,,,,,,,,,,,,,,,,,,,,,,,,,,,,,,,,,,,,,,,,,,,-0.4999999999999997,-0.8660254037844388,0
2004-08-01,,,,,,,,,,,,,,,,,,,,,,,,,,,,,,,,,,,,,,,,,,,,,,,,,,,,,,,,,,,,,,,,,,,,,,,,,,,,,,,,,,,,,,,,,,,,,,,,,,,,,,,,,,,,,,,,12.084615384615384,-1.9,21.9,316.09999999999997,-1.9,65.9,16.0,8.0,,,,,,,,,,,,,,,,,,,,,,,,,,,,,,,,,,,,,,,,,,,,,,,,,,,,,,,,,,,,,,,,,,,,,,,,,,,,,,,,,,,,,,,,,,,,,,,,,,,,,,,,,,,,,,,,,,,,,,,,,,,,,,,,,,,,,,,,,,,,,,,,,,,,,,,,,,,,,,,,,,,,,,,,,,,,,,,,,,,,,,,,,,,,,,-0.8660254037844384,-0.5000000000000004,0
2004-09-01,,,,,,,,,,,,,,,,,,,,,,,,,,,,,,,,,,,,,,,,,,,,,,,,,,,,,,,,,,,,,,,,,,,,,,,,,,,,,,,,,,,,,,,,,,,,,,,,,,,,,,,,,,,,,,,,9.267999999999999,1.1,19.3,231.70000000000002,0.0,56.5,15.0,3.0,,,,,,,,,,,,,,,,,,,,,,,,,,,,,,,,,,,,,,,,,,,,,,,,,,,,,,,,,,,,,,,,,,,,,,,,,,,,,,,,,,,,,,,,,,,,,,,,,,,,,,,,,,,,,,,,,,,,,,,,,,,,,,,,,,,,,,,,,,,,,,,,,,,,,,,,,,,,,,,,,,,,,,,,,,,,,,,,,,,,,,,,,,,,,,-1.0,-1.8369701987210297e-16,0
2004-10-01,,,,,,,,,,,,,,,,,,,,,,,,,,,,,,,,,,,,,,,,,,,,,,,,,,,,,,,,,,,,,,,,,,,,,,,,,,,,,,,,,,,,,,,,,,,,,,,,,,,,,,,,,,,,,,,,1.5555555555555556,-8.9,20.8,89.6,-47.6,56.5,16.0,22.0,,,,,,,,,,,,,,,,,,,,,,,,,,,,,,,,,,,,,,,,,,,,,,,,,,,,,,,,,,,,,,,,,,,,,,,,,,,,,,,,,,,,,,,,,,,,,,,,,,,,,,,,,,,,,,,,,,,,,,,,,,,,,,,,,,,,,,,,,,,,,,,,,,,,,,,,,,,,,,,,,,,,,,,,,,,,,,,,,,,,,,,,,,,,,,-0.8660254037844386,0.5000000000000001,0
2004-11-01,,,,,,,,,,,,,,,,,,,,,,,,,,,,,,,,,,,,,,,,,,,,,,,,,,,,,,,,,,,,,,,,,,,,,,,,,,,,,,,,,,,,,,,,,,,,,,,,,,,,,,,,,,,,,,,,6.464285714285714,-4.1,21.3,97.2,-6.699999999999999,12.5,6.0,3.0,,,,,,,,,,,,,,,,,,,,,,,,,,,,,,,,,,,,,,,,,,,,,,,,,,,,,,,,,,,,,,,,,,,,,,,,,,,,,,,,,,,,,,,,,,,,,,,,,,,,,,,,,,,,,,,,,,,,,,,,,,,,,,,,,,,,,,,,,,,,,,,,,,,,,,,,,,,,,,,,,,,,,,,,,,,,,,,,,,,,,,,,,,,,,,-0.5000000000000004,0.8660254037844384,0
2004-12-01,,,,,,,,,,,,,,,,,,,,,,,,,,,,,,,,,,,,,,,,,,,,,,,,,,,,,,,,,,,,,,,,,,,,,,,,,,,,,,,,,,,,,,,,,,,,,,,,,,,,,,,,,,,,,,,,12.27142857142857,-0.3,24.4,86.2,-0.3,6.5,1.0,2.0,,,,,,,,,,,,,,,,,,,,,,,,,,,,,,,,,,,,,,,,,,,,,,,,,,,,,,,,,,,,,,,,,,,,,,,,,,,,,,,,,,,,,,,,,,,,,,,,,,,,,,,,,,,,,,,,,,,,,,,,,,,,,,,,,,,,,,,,,,,,,,,,,,,,,,,,,,,,,,,,,,,,,,,,,,,,,,,,,,,,,,,,,,,,,,-2.4492935982947064e-16,1.0,1
2005-01-01,,,,,,,,,,,,,,,,,,,,,,,,,,,,,,,,,,,,,,,,,,,,,,,,,,,,,,,,,,,,,,,,,,,,,,,,,,,,,,,,,,,,,,,,,,,,,,,,,,,,,,,,,,,,,,,,10.714285714285714,2.8,20.4,75.0,0.0,54.2,1.0,,,,,,,,,,,,,,,,,,,,,,,,,,,,,,,,,,,,,,,,,,,,,,,,,,,,,,,,,,,,,,,,,,,,,,,,,,,,,,,,,,,,,,,,,,,,,,,,,,,,,,,,,,,,,,,,,,,,,,,,,,,,,,,,,,,,,,,,,,,,,,,,,,,,,,,,,,,,,,,,,,,,,,,,,,,,,,,,,,,,,,,,,,,,,,,0.49999999999999994,0.8660254037844387,1
2005-02-01,,,,,,,,,,,,,,,,,,,,,,,,,,,,,,,,,,,,,,,,,,,,,,,,,,,,,,,,,,,,,,,,,,,,,,,,,,,,,,,,,,,,,,,,,,,,,,,,,,,,,,,,,,,,,,,,10.985714285714284,-0.6,21.4,77.5,-0.6,0.7999999999999999,2.0,,,,,,,,,,,,,,,,,,,,,,,,,,,,,,,,,,,,,,,,,,,,,,,,,,,,,,,,,,,,,,,,,,,,,,,,,,,,,,,,,,,,,,,,,,,,,,,,,,,,,,,,,,,,,,,,,,,,,,,,,,,,,,,,,,,,,,,,,,,,,,,,,,,,,,,,,,,,,,,,,,,,,,,,,,,,,,,,,,,,,,,,,,,,,,,0.8660254037844386,0.5000000000000001,1
2005-03-01,,,,,,,,,,,,,,,,,,,,,,,,,,,,,,,,,,,,,,,,,,,,,,,,,,,,,,,,,,,,,,,,,,,,,,,,,,,,,,,,,,,,,,,,,,,,,,,,,,,,,,,,,,,,,,,,10.857142857142858,-2.6,20.3,78.6,-2.6,19.3,5.0,,,,,,,,,,,,,,,,,,,,,,,,,,,,,,,,,,,,,,,,,,,,,,,,,,,,,,,,,,,,,,,,,,,,,,,,,,,,,,,,,,,,,,,,,,,,,,,,,,,,,,,,,,,,,,,,,,,,,,,,,,,,,,,,,,,,,,,,,,,,,,,,,,,,,,,,,,,,,,,,,,,,,,,,,,,,,,,,,,,,,,,,,,,,,,,1.0,6.123233995736766e-17,0
2005-04-01,,,,,,,,,,,,,,,,,,,,,,,,,,,,,,,,,,,,,,,,,,,,,,,,,,,,,,,,,,,,,,,,,,,,,,,,,,,,,,,,,,,,,,,,,,,,,,,,,,,,,,,,,,,,,,,,8.216000000000001,-3.3,21.6,210.2,-4.8,34.599999999999994,9.0,14.0,,,,,,,,,,,,,,,,,,,,,,,,,,,,,,,,,,,,,,,,,,,,,,,,,,,,,,,,,,,,,,,,,,,,,,,,,,,,,,,,,,,,,,,,,,,,,,,,,,,,,,,,,,,,,,,,,,,,,,,,,,,,,,,,,,,,,,,,,,,,,,,,,,,,,,,,,,,,,,,,,,,,,,,,,,,,,,,,,,,,,,,,,,,,,,0.8660254037844387,-0.4999999999999998,0
2005-05-01,,,,,,,,,,,,,,,,,,,,,,,,,,,,,,,,,,,,,,,,,,,,,,,,,,,,,,,,,,,,,,,,,,,,,,,,,,,,,,,,,,,,,,,,,,,,,,,,,,,,,,,,,,,,,,,,14.407692307692308,0.1,22.3,374.6,0.0,42.0,16.0,,,,,,,,,,,,,,,,,,,,,,,,,,,,,,,,,,,,,,,,,,,,,,,,,,,,,,,,,,,,,,,,,,,,,,,,,,,,,,,,,,,,,,,,,,,,,,,,,,,,,,,,,,,,,,,,,,,,,,,,,,,,,,,,,,,,,,,,,,,,,,,,,,,,,,,,,,,,,,,,,,,,,,,,,,,,,,,,,,,,,,,,,,,,,,,0.49999999999999994,-0.8660254037844387,0
2005-06-01,,,,,,,,,,,,,,,,,,,,,,,,,,,,,,,,,,,,,,,,,,,,,,,,,,,,,,,,,,,,,,,,,,,,,,,,,,,,,,,,,,,,,,,,,,,,,,,,,,,,,,,,,,,,,,,,15.252,1.9,20.9,381.29999999999995,0.0,144.4,14.0,,,,,,,,,,,,,,,,,,,,,,,,,,,,,,,,,,,,,,,,,,,,,,,,,,,,,,,,,,,,,,,,,,,,,,,,,,,,,,,,,,,,,,,,,,,,,,,,,,,,,,,,,,,,,,,,,,,,,,,,,,,,,,,,,,,,,,,,,,,,,,,,,,,,,,,,,,,,,,,,,,,,,,,,,,,,,,,,,,,,,,,,,,,,,,,1.2246467991473532e-16,-1.0,0
2005-07-01,,,,,,,,,,,,,,,,,,,,,,,,,,,,,,,,,,,,,,,,,,,,,,,,,,,,,,,,,,,,,,,,,,,,,,,,,,,,,,,,,,,,,,,,,,,,,,,,,,,,,,,,,,,,,,,,17.842307692307692,-0.5,24.0,464.4,-0.5,34.9,11.0,3.0,,,,,,,,,,,,,,,,,,,,,,,,,,,,,,,,,,,,,,,,,,,,,,,,,,,,,,,,,,,,,,,,,,,,,,,,,,,,,,,,,,,,,,,,,,,,,,,,,,,,,,,,,,,,,,,,,,,,,,,,,,,,,,,,,,,,,,,,,,,,,,,,,,,,,,,,,,,,,,,,,,,,,,,,,,,,,,,,,,,,,,,,,,,,,,-0.4999999999999997,-0.8660254037844388,0
2005-08-01,,,,,,,,,,,,,,,,,,,,,,,,,,,,,,,,,,,,,,,,,,,,,,,,,,,,,,,,,,,,,,,,,,,,,,,,,,,,,,,,,,,,,,,,,,,,,,,,,,,,,,,,,,,,,,,,13.784,4.1,21.0,344.6,0.0,38.1,12.0,,,,,,,,,,,,,,,,,,,,,,,,,,,,,,,,,,,,,,,,,,,,,,,,,,,,,,,,,,,,,,,,,,,,,,,,,,,,,,,,,,,,,,,,,,,,,,,,,,,,,,,,,,,,,,,,,,,,,,,,,,,,,,,,,,,,,,,,,,,,,,,,,,,,,,,,,,,,,,,,,,,,,,,,,,,,,,,,,,,,,,,,,,,,,,,-0.8660254037844384,-0.5000000000000004,0
2005-09-01,,,,,,,,,,,,,,,,,,,,,,,,,,,,,,,,,,,,,,,,,,,,,,,,,,,,,,,,,,,,,,,,,,,,,,,,,,,,,,,,,,,,,,,,,,,,,,,,,,,,,,,,,,,,,,,,9.725,2.8,22.7,233.4,0.0,21.3,8.0,,,,,,,,,,,,,,,,,,,,,,,,,,,,,,,,,,,,,,,,,,,,,,,,,,,,,,,,,,,,,,,,,,,,,,,,,,,,,,,,,,,,,,,,,,,,,,,,,,,,,,,,,,,,,,,,,,,,,,,,,,,,,,,,,,,,,,,,,,,,,,,,,,,,,,,,,,,,,,,,,,,,,,,,,,,,,,,,,,,,,,,,,,,,,,,-1.0,-1.8369701987210297e-16,0
2005-10-01,,,,,,,,,,,,,,,,,,,,,,,,,,,,,,,,,,,,,,,,,,,,,,,,,,,,,,,,,,,,,,,,,,,,,,,,,,,,,,,,,,,,,,,,,,,,,,,,,,,,,,,,,,,,,,,,4.664,-5.5,19.8,134.4,-17.8,19.5,7.0,,,,,,,,,,,,,,,,,,,,,,,,,,,,,,,,,,,,,,,,,,,,,,,,,,,,,,,,,,,,,,,,,,,,,,,,,,,,,,,,,,,,,,,,,,,,,,,,,,,,,,,,,,,,,,,,,,,,,,,,,,,,,,,,,,,,,,,,,,,,,,,,,,,,,,,,,,,,,,,,,,,,,,,,,,,,,,,,,,,,,,,,,,,,,,,-0.8660254037844386,0.5000000000000001,0
2005-11-01,,,,,,,,,,,,,,,,,,,,,,,,,,,,,,,,,,,,,,,,,,,,,,,,,,,,,,,,,,,,,,,,,,,,,,,,,,,,,,,,,,,,,,,,,,,,,,,,,,,,,,,,,,,,,,,,11.271428571428572,5.3,19.9,78.9,0.0,9.200000000000001,2.0,33.0,,,,,,,,,,,,,,,,,,,,,,,,,,,,,,,,,,,,,,,,,,,,,,,,,,,,,,,,,,,,,,,,,,,,,,,,,,,,,,,,,,,,,,,,,,,,,,,,,,,,,,,,,,,,,,,,,,,,,,,,,,,,,,,,,,,,,,,,,,,,,,,,,,,,,,,,,,,,,,,,,,,,,,,,,,,,,,,,,,,,,,,,,,,,,,-0.5000000000000004,0.8660254037844384,0
2005-12-01,,,,,,,,,,,,,,,,,,,,,,,,,,,,,,,,,,,,,,,,,,,,,,,,,,,,,,,,,,,,,,,,,,,,,,,,,,,,,,,,,,,,,,,,,,,,,,,,,,,,,,,,,,,,,,,,11.885714285714286,5.9,21.5,83.2,0.0,11.9,1.0,24.0,,,,,,,,,,,,,,,,,,,,,,,,,,,,,,,,,,,,,,,,,,,,,,,,,,,,,,,,,,,,,,,,,,,,,,,,,,,,,,,,,,,,,,,,,,,,,,,,,,,,,,,,,,,,,,,,,,,,,,,,,,,,,,,,,,,,,,,,,,,,,,,,,,,,,,,,,,,,,,,,,,,,,,,,,,,,,,,,,,,,,,,,,,,,,,-2.4492935982947064e-16,1.0,1
2006-01-01,,,,,,,,,,,,,,,,,,,,,,,,,,,,,,,,,,,,,,,,,,,,,,,,,,,,,,,,,,,,,,,,,,,,,,,,,,,,,,,,,,,,,,,,,,,,,,,,,,,,,,,,,,,,,,,,6.925,-8.3,21.5,66.0,-10.600000000000001,17.0,4.0,17.0,,,,,,,,,,,,,,,,,,,,,,,,,,,,,,,,,,,,,,,,,,,,,,,,,,,,,,,,,,,,,,,,,,,,,,,,,,,,,,,,,,,,,,,,,,,,,,,,,,,,,,,,,,,,,,,,,,,,,,,,,,,,,,,,,,,,,,,,,,,,,,,,,,,,,,,,,,,,,,,,,,,,,,,,,,,,,,,,,,,,,,,,,,,,,,0.49999999999999994,0.8660254037844387,1
2006-02-01,,,,,,,,,,,,,,,,,,,,,,,,,,,,,,,,,,,,,,,,,,,,,,,,,,,,,,,,,,,,,,,,,,,,,,,,,,,,,,,,,,,,,,,,,,,,,,,,,,,,,,,,,,,,,,,,8.25,-3.1,20.2,70.7,-4.7,20.700000000000003,5.0,16.0,,,,,,,,,,,,,,,,,,,,,,,,,,,,,,,,,,,,,,,,,,,,,,,,,,,,,,,,,,,,,,,,,,,,,,,,,,,,,,,,,,,,,,,,,,,,,,,,,,,,,,,,,,,,,,,,,,,,,,,,,,,,,,,,,,,,,,,,,,,,,,,,,,,,,,,,,,,,,,,,,,,,,,,,,,,,,,,,,,,,,,,,,,,,,,0.8660254037844386,0.5000000000000001,1
2006-03-01,,,,,,,,,,,,,,,,,,,,,,,,,,,,,,,,,,,,,,,,,,,,,,,,,,,,,,,,,,,,,,,,,,,,,,,,,,,,,,,,,,,,,,,,,,,,,,,,,,,,,,,,,,,,,,,,3.1733333333333333,-5.3,18.1,72.1,-24.5,39.800000000000004,10.0,24.0,,,,,,,,,,,,,,,,,,,,,,,,,,,,,,,,,,,,,,,,,,,,,,,,,,,,,,,,,,,,,,,,,,,,,,,,,,,,,,,,,,,,,,,,,,,,,,,,,,,,,,,,,,,,,,,,,,,,,,,,,,,,,,,,,,,,,,,,,,,,,,,,,,,,,,,,,,,,,,,,,,,,,,,,,,,,,,,,,,,,,,,,,,,,,,1.0,6.123233995736766e-17,0
2006-04-01,,,,,,,,,,,,,,,,,,,,,,,,,,,,,,,,,,,,,,,,,,,,,,,,,,,,,,,,,,,,,,,,,,,,,,,,,,,,,,,,,,,,,,,,,,,,,,,,,,,,,,,,,,,,,,,,2.792307692307692,-13.4,14.6,97.10000000000002,-24.5,29.400000000000002,9.0,23.0,,,,,,,,,,,,,,,,,,,,,,,,,,,,,,,,,,,,,,,,,,,,,,,,,,,,,,,,,,,,,,,,,,,,,,,,,,,,,,,,,,,,,,,,,,,,,,,,,,,,,,,,,,,,,,,,,,,,,,,,,,,,,,,,,,,,,,,,,,,,,,,,,,,,,,,,,,,,,,,,,,,,,,,,,,,,,,,,,,,,,,,,,,,,,,0.8660254037844387,-0.4999999999999998,0
2006-05-01,,,,,,,,,,,,,,,,,,,,,,,,,,,,,,,,,,,,,,,,,,,,,,,,,,,,,,,,,,,,,,,,,,,,,,,,,,,,,,,,,,,,,,,,,,,,,,,,,,,,,,,,,,,,,,,,9.881481481481481,-11.8,19.1,278.59999999999997,-11.8,43.1,12.0,23.0,,,,,,,,,,,,,,,,,,,,,,,,,,,,,,,,,,,,,,,,,,,,,,,,,,,,,,,,,,,,,,,,,,,,,,,,,,,,,,,,,,,,,,,,,,,,,,,,,,,,,,,,,,,,,,,,,,,,,,,,,,,,,,,,,,,,,,,,,,,,,,,,,,,,,,,,,,,,,,,,,,,,,,,,,,,,,,,,,,,,,,,,,,,,,,0.49999999999999994,-0.8660254037844387,0
2006-06-01,,,,,,,,,,,,,,,,,,,,,,,,,,,,,,,,,,,,,,,,,,,,,,,,,,,,,,,,,,,,,,,,,,,,,,,,,,,,,,,,,,,,,,,,,,,,,,,,,,,,,,,,,,,,,,,,16.023076923076925,-7.8,23.8,424.4,-7.8,29.2,8.0,23.0,,,,,,,,,,,,,,,,,,,,,,,,,,,,,,,,,,,,,,,,,,,,,,,,,,,,,,,,,,,,,,,,,,,,,,,,,,,,,,,,,,,,,,,,,,,,,,,,,,,,,,,,,,,,,,,,,,,,,,,,,,,,,,,,,,,,,,,,,,,,,,,,,,,,,,,,,,,,,,,,,,,,,,,,,,,,,,,,,,,,,,,,,,,,,,1.2246467991473532e-16,-1.0,0
2006-07-01,,,,,,,,,,,,,,,,,,,,,,,,,,,,,,,,,,,,,,,,,,,,,,,,,,,,,,,,,,,,,,,,,,,,,,,,,,,,,,,,,,,,,,,,,,,,,,,,,,,,,,,,,,,,,,,,14.68148148148148,-9.0,26.5,405.40000000000003,-9.0,56.3,11.0,23.0,,,,,,,,,,,,,,,,,,,,,,,,,,,,,,,,,,,,,,,,,,,,,,,,,,,,,,,,,,,,,,,,,,,,,,,,,,,,,,,,,,,,,,,,,,,,,,,,,,,,,,,,,,,,,,,,,,,,,,,,,,,,,,,,,,,,,,,,,,,,,,,,,,,,,,,,,,,,,,,,,,,,,,,,,,,,,,,,,,,,,,,,,,,,,,-0.4999999999999997,-0.8660254037844388,0
2006-08-01,,,,,,,,,,,,,,,,,,,,,,,,,,,,,,,,,,,,,,,,,,,,,,,,,,,,,,,,,,,,,,,,,,,,,,,,,,,,,,,,,,,,,,,,,,,,,,,,,,,,,,,,,,,,,,,,11.68888888888889,-10.9,23.0,331.5,-15.9,76.6,13.0,23.0,,,,,,,,,,,,,,,,,,,,,,,,,,,,,,,,,,,,,,,,,,,,,,,,,,,,,,,,,,,,,,,,,,,,,,,,,,,,,,,,,,,,,,,,,,,,,,,,,,,,,,,,,,,,,,,,,,,,,,,,,,,,,,,,,,,,,,,,,,,,,,,,,,,,,,,,,,,,,,,,,,,,,,,,,,,,,,,,,,,,,,,,,,,,,,-0.8660254037844384,-0.5000000000000004,0
2006-09-01,,,,,,,,,,,,,,,,,,,,,,,,,,,,,,,,,,,,,,,,,,,,,,,,,,,,,,,,,,,,,,,,,,,,,,,,,,,,,,,,,,,,,,,,,,,,,,,,,,,,,,,,,,,,,,,,7.4,-8.4,22.2,193.39999999999998,-8.4,45.0,11.0,23.0,,,,,,,,,,,,,,,,,,,,,,,,,,,,,,,,,,,,,,,,,,,,,,,,,,,,,,,,,,,,,,,,,,,,,,,,,,,,,,,,,,,,,,,,,,,,,,,,,,,,,,,,,,,,,,,,,,,,,,,,,,,,,,,,,,,,,,,,,,,,,,,,,,,,,,,,,,,,,,,,,,,,,,,,,,,,,,,,,,,,,,,,,,,,,,-1.0,-1.8369701987210297e-16,0
2006-10-01,,,,,,,,,,,,,,,,,,,,,,,,,,,,,,,,,,,,,,,,,,,,,,,,,,,,,,,,,,,,,,,,,,,,,,,,,,,,,,,,,,,,,,,,,,,,,,,,,,,,,,,,,,,,,,,,4.261538461538462,-6.5,20.3,134.3,-23.499999999999996,20.5,9.0,23.0,,,,,,,,,,,,,,,,,,,,,,,,,,,,,,,,,,,,,,,,,,,,,,,,,,,,,,,,,,,,,,,,,,,,,,,,,,,,,,,,,,,,,,,,,,,,,,,,,,,,,,,,,,,,,,,,,,,,,,,,,,,,,,,,,,,,,,,,,,,,,,,,,,,,,,,,,,,,,,,,,,,,,,,,,,,,,,,,,,,,,,,,,,,,,,-0.8660254037844386,0.5000000000000001,0
2006-11-01,,,,,,,,,,,,,,,,,,,,,,,,,,,,,,,,,,,,,,,,,,,,,,,,,,,,,,,,,,,,,,,,,,,,,,,,,,,,,,,,,,,,,,,,,,,,,,,,,,,,,,,,,,,,,,,,12.9,-1.3,22.8,92.5,-2.2,1.1,1.0,16.0,,,,,,,,,,,,,,,,,,,,,,,,,,,,,,,,,,,,,,,,,,,,,,,,,,,,,,,,,,,,,,,,,,,,,,,,,,,,,,,,,,,,,,,,,,,,,,,,,,,,,,,,,,,,,,,,,,,,,,,,,,,,,,,,,,,,,,,,,,,,,,,,,,,,,,,,,,,,,,,,,,,,,,,,,,,,,,,,,,,,,,,,,,,,,,-0.5000000000000004,0.8660254037844384,0
2006-12-01,,,,,,,,,,,,,,,,,,,,,,,,,,,,,,,,,,,,,,,,,,,,,,,,,,,,,,,,,,,,,,,,,,,,,,,,,,,,,,,,,,,,,,,,,,,,,,,,,,,,,,,,,,,,,,,,12.22857142857143,-0.4,20.8,85.99999999999999,-0.4,18.0,2.0,16.0,,,,,,,,,,,,,,,,,,,,,,,,,,,,,,,,,,,,,,,,,,,,,,,,,,,,,,,,,,,,,,,,,,,,,,,,,,,,,,,,,,,,,,,,,,,,,,,,,,,,,,,,,,,,,,,,,,,,,,,,,,,,,,,,,,,,,,,,,,,,,,,,,,,,,,,,,,,,,,,,,,,,,,,,,,,,,,,,,,,,,,,,,,,,,,-2.4492935982947064e-16,1.0,1
2007-01-01,,,,,,,,,,,,,,,,,,,,,,,,,,,,,,,,,,,,,,,,,,,,,,,,,,,,,,,,,,,,,,,,,,,,,,,,,,,,,,,,,,,,,,,,,,,,,,,,,,,,,,,,,,,,,,,,10.142857142857142,-1.9,21.7,72.9,-1.9,58.4,4.0,,,,,,,,,,,,,,,,,,,,,,,,,,,,,,,,,,,,,,,,,,,,,,,,,,,,,,,,,,,,,,,,,,,,,,,,,,,,,,,,,,,,,,,,,,,,,,,,,,,,,,,,,,,,,,,,,,,,,,,,,,,,,,,,,,,,,,,,,,,,,,,,,,,,,,,,,,,,,,,,,,,,,,,,,,,,,,,,,,,,,,,,,,,,,,,0.49999999999999994,0.8660254037844387,1
2007-02-01,,,,,,,,,,,,,,,,,,,,,,,,,,,,,,,,,,,,,,,,,,,,,,,,,,,,,,,,,,,,,,,,,,,,,,,,,,,,,,,,,,,,,,,,,,,,,,,,,,,,,,,,,,,,,,,,8.125,-1.7,22.6,66.7,-1.7,20.599999999999998,3.0,11.0,,,,,,,,,,,,,,,,,,,,,,,,,,,,,,,,,,,,,,,,,,,,,,,,,,,,,,,,,,,,,,,,,,,,,,,,,,,,,,,,,,,,,,,,,,,,,,,,,,,,,,,,,,,,,,,,,,,,,,,,,,,,,,,,,,,,,,,,,,,,,,,,,,,,,,,,,,,,,,,,,,,,,,,,,,,,,,,,,,,,,,,,,,,,,,0.8660254037844386,0.5000000000000001,1
2007-03-01,,,,,,,,,,,,,,,,,,,,,,,,,,,,,,,,,,,,,,,,,,,,,,,,,,,,,,,,,,,,,,,,,,,,,,,,,,,,,,,,,,,,,,,,,,,,,,,,,,,,,,,,,,,,,,,,9.625,2.1,22.6,77.0,0.0,8.600000000000001,3.0,11.0,,,,,,,,,,,,,,,,,,,,,,,,,,,,,,,,,,,,,,,,,,,,,,,,,,,,,,,,,,,,,,,,,,,,,,,,,,,,,,,,,,,,,,,,,,,,,,,,,,,,,,,,,,,,,,,,,,,,,,,,,,,,,,,,,,,,,,,,,,,,,,,,,,,,,,,,,,,,,,,,,,,,,,,,,,,,,,,,,,,,,,,,,,,,,,1.0,6.123233995736766e-17,0
2007-04-01,,,,,,,,,,,,,,,,,,,,,,,,,,,,,,,,,,,,,,,,,,,,,,,,,,,,,,,,,,,,,,,,,,,,,,,,,,,,,,,,,,,,,,,,,,,,,,,,,,,,,,,,,,,,,,,,7.865384615384615,1.1,21.3,204.5,0.0,17.0,7.0,8.0,,,,,,,,,,,,,,,,,,,,,,,,,,,,,,,,,,,,,,,,,,,,,,,,,,,,,,,,,,,,,,,,,,,,,,,,,,,,,,,,,,,,,,,,,,,,,,,,,,,,,,,,,,,,,,,,,,,,,,,,,,,,,,,,,,,,,,,,,,,,,,,,,,,,,,,,,,,,,,,,,,,,,,,,,,,,,,,,,,,,,,,,,,,,,,0.8660254037844387,-0.4999999999999998,0
2007-05-01,,,,,,,,,,,,,,,,,,,,,,,,,,,,,,,,,,,,,,,,,,,,,,,,,,,,,,,,,,,,,,,,,,,,,,,,,,,,,,,,,,,,,,,,,,,,,,,,,,,,,,,,,,,,,,,,10.933333333333334,0.4,21.6,295.2,0.0,75.2,14.0,3.0,,,,,,,,,,,,,,,,,,,,,,,,,,,,,,,,,,,,,,,,,,,,,,,,,,,,,,,,,,,,,,,,,,,,,,,,,,,,,,,,,,,,,,,,,,,,,,,,,,,,,,,,,,,,,,,,,,,,,,,,,,,,,,,,,,,,,,,,,,,,,,,,,,,,,,,,,,,,,,,,,,,,,,,,,,,,,,,,,,,,,,,,,,,,,,0.49999999999999994,-0.8660254037844387,0
2007-06-01,,,,,,,,,,,,,,,,,,,,,,,,,,,,,,,,,,,,,,,,,,,,,,,,,,,,,,,,,,,,,,,,,,,,,,,,,,,,,,,,,,,,,,,,,,,,,,,,,,,,,,,,,,,,,,,,15.596153846153847,-3.3,23.6,408.8,-3.3,78.2,11.0,1.0,,,,,,,,,,,,,,,,,,,,,,,,,,,,,,,,,,,,,,,,,,,,,,,,,,,,,,,,,,,,,,,,,,,,,,,,,,,,,,,,,,,,,,,,,,,,,,,,,,,,,,,,,,,,,,,,,,,,,,,,,,,,,,,,,,,,,,,,,,,,,,,,,,,,,,,,,,,,,,,,,,,,,,,,,,,,,,,,,,,,,,,,,,,,,,1.2246467991473532e-16,-1.0,0
2007-07-01,,,,,,,,,,,,,,,,,,,,,,,,,,,,,,,,,,,,,,,,,,,,,,,,,,,,,,,,,,,,,,,,,,,,,,,,,,,,,,,,,,,,,,,,,,,,,,,,,,,,,,,,,,,,,,,,16.807692307692307,2.5,24.1,437.0,0.0,42.4,9.0,,,,,,,,,,,,,,,,,,,,,,,,,,,,,,,,,,,,,,,,,,,,,,,,,,,,,,,,,,,,,,,,,,,,,,,,,,,,,,,,,,,,,,,,,,,,,,,,,,,,,,,,,,,,,,,,,,,,,,,,,,,,,,,,,,,,,,,,,,,,,,,,,,,,,,,,,,,,,,,,,,,,,,,,,,,,,,,,,,,,,,,,,,,,,,,-0.4999999999999997,-0.8660254037844388,0
2007-08-01,,,,,,,,,,,,,,,,,,,,,,,,,,,,,,,,,,,,,,,,,,,,,,,,,,,,,,,,,,,,,,,,,,,,,,,,,,,,,,,,,,,,,,,,,,,,,,,,,,,,,,,,,,,,,,,,14.661538461538461,5.2,24.2,381.2,0.0,33.3,16.0,,,,,,,,,,,,,,,,,,,,,,,,,,,,,,,,,,,,,,,,,,,,,,,,,,,,,,,,,,,,,,,,,,,,,,,,,,,,,,,,,,,,,,,,,,,,,,,,,,,,,,,,,,,,,,,,,,,,,,,,,,,,,,,,,,,,,,,,,,,,,,,,,,,,,,,,,,,,,,,,,,,,,,,,,,,,,,,,,,,,,,,,,,,,,,,-0.8660254037844384,-0.5000000000000004,0
2007-09-01,,,,,,,,,,,,,,,,,,,,,,,,,,,,,,,,,,,,,,,,,,,,,,,,,,,,,,,,,,,,,,,,,,,,,,,,,,,,,,,,,,,,,,,,,,,,,,,,,,,,,,,,,,,,,,,,9.04,3.4,24.8,225.99999999999997,0.0,43.199999999999996,9.0,,,,,,,,,,,,,,,,,,,,,,,,,,,,,,,,,,,,,,,,,,,,,,,,,,,,,,,,,,,,,,,,,,,,,,,,,,,,,,,,,,,,,,,,,,,,,,,,,,,,,,,,,,,,,,,,,,,,,,,,,,,,,,,,,,,,,,,,,,,,,,,,,,,,,,,,,,,,,,,,,,,,,,,,,,,,,,,,,,,,,,,,,,,,,,,-1.0,-1.8369701987210297e-16,0
2007-10-01,,,,,,,,,,,,,,,,,,,,,,,,,,,,,,,,,,,,,,,,,,,,,,,,,,,,,,,,,,,,,,,,,,,,,,,,,,,,,,,,,,,,,,,,,,,,,,,,,,,,,,,,,,,,,,,,4.938461538461539,-2.0,25.0,131.2,-2.8,28.7,13.0,1.0,,,,,,,,,,,,,,,,,,,,,,,,,,,,,,,,,,,,,,,,,,,,,,,,,,,,,,,,,,,,,,,,,,,,,,,,,,,,,,,,,,,,,,,,,,,,,,,,,,,,,,,,,,,,,,,,,,,,,,,,,,,,,,,,,,,,,,,,,,,,,,,,,,,,,,,,,,,,,,,,,,,,,,,,,,,,,,,,,,,,,,,,,,,,,,-0.8660254037844386,0.5000000000000001,0
2007-11-01,,,,,,,,,,,,,,,,,,,,,,,,,,,,,,,,,,,,,,,,,,,,,,,,,,,,,,,,,,,,,,,,,,,,,,,,,,,,,,,,,,,,,,,,,,,,,,,,,,,,,,,,,,,,,,,,12.828571428571427,2.6,26.0,89.80000000000001,0.0,19.1,5.0,,,,,,,,,,,,,,,,,,,,,,,,,,,,,,,,,,,,,,,,,,,,,,,,,,,,,,,,,,,,,,,,,,,,,,,,,,,,,,,,,,,,,,,,,,,,,,,,,,,,,,,,,,,,,,,,,,,,,,,,,,,,,,,,,,,,,,,,,,,,,,,,,,,,,,,,,,,,,,,,,,,,,,,,,,,,,,,,,,,,,,,,,,,,,,,-0.5000000000000004,0.8660254037844384,0
2007-12-01,,,,,,,,,,,,,,,,,,,,,,,,,,,,,,,,,,,,,,,,,,,,,,,,,,,,,,,,,,,,,,,,,,,,,,,,,,,,,,,,,,,,,,,,,,,,,,,,,,,,,,,,,,,,,,,,10.071428571428571,2.4,25.5,70.5,0.0,11.700000000000001,4.0,,,,,,,,,,,,,,,,,,,,,,,,,,,,,,,,,,,,,,,,,,,,,,,,,,,,,,,,,,,,,,,,,,,,,,,,,,,,,,,,,,,,,,,,,,,,,,,,,,,,,,,,,,,,,,,,,,,,,,,,,,,,,,,,,,,,,,,,,,,,,,,,,,,,,,,,,,,,,,,,,,,,,,,,,,,,,,,,,,,,,,,,,,,,,,,-2.4492935982947064e-16,1.0,1
2008-01-01,,,,,,,,,,,,,,,,,,,,,,,,,,,,,,,,,,,,,,,,,,,,,,,,,,,,,,,,,,,,,,,,,,,,,,,,,,,,,,,,,,,,,,,,,,,,,,,,,,,,,,,,,,,,,,,,6.888888888888889,-22.0,18.0,84.0,-22.0,15.3,4.0,17.0,,,,,,,,,,,,,,,,,,,,,,,,,,,,,,,,,,,,,,,,,,,,,,,,,,,,,,,,,,,,,,,,,,,,,,,,,,,,,,,,,,,,,,,,,,,,,,,,,,,,,,,,,,,,,,,,,,,,,,,,,,,,,,,,,,,,,,,,,,,,,,,,,,,,,,,,,,,,,,,,,,,,,,,,,,,,,,,,,,,,,,,,,,,,,,0.49999999999999994,0.8660254037844387,1
2008-02-01,,,,,,,,,,,,,,,,,,,,,,,,,,,,,,,,,,,,,,,,,,,,,,,,,,,,,,,,,,,,,,,,,,,,,,,,,,,,,,,,,,,,,,,,,,,,,,,,,,,,,,,,,,,,,,,,6.966666666666666,-9.9,18.3,72.6,-9.9,32.7,5.0,15.0,,,,,,,,,,,,,,,,,,,,,,,,,,,,,,,,,,,,,,,,,,,,,,,,,,,,,,,,,,,,,,,,,,,,,,,,,,,,,,,,,,,,,,,,,,,,,,,,,,,,,,,,,,,,,,,,,,,,,,,,,,,,,,,,,,,,,,,,,,,,,,,,,,,,,,,,,,,,,,,,,,,,,,,,,,,,,,,,,,,,,,,,,,,,,,0.8660254037844386,0.5000000000000001,1
2008-03-01,,,,,,,,,,,,,,,,,,,,,,,,,,,,,,,,,,,,,,,,,,,,,,,,,,,,,,,,,,,,,,,,,,,,,,,,,,,,,,,,,,,,,,,,,,,,,,,,,,,,,,,,,,,,,,,,5.413333333333333,-2.6,18.0,83.80000000000001,-2.6,18.2,4.0,34.0,,,,,,,,,,,,,,,,,,,,,,,,,,,,,,,,,,,,,,,,,,,,,,,,,,,,,,,,,,,,,,,,,,,,,,,,,,,,,,,,,,,,,,,,,,,,,,,,,,,,,,,,,,,,,,,,,,,,,,,,,,,,,,,,,,,,,,,,,,,,,,,,,,,,,,,,,,,,,,,,,,,,,,,,,,,,,,,,,,,,,,,,,,,,,,1.0,6.123233995736766e-17,0
2008-04-01,,,,,,,,,,,,,,,,,,,,,,,,,,,,,,,,,,,,,,,,,,,,,,,,,,,,,,,,,,,,,,,,,,,,,,,,,,,,,,,,,,,,,,,,,,,,,,,,,,,,,,,,,,,,,,,,2.9703703703703703,-12.0,14.1,124.89999999999999,-44.7,18.0,10.0,11.0,,,,,,,,,,,,,,,,,,,,,,,,,,,,,,,,,,,,,,,,,,,,,,,,,,,,,,,,,,,,,,,,,,,,,,,,,,,,,,,,,,,,,,,,,,,,,,,,,,,,,,,,,,,,,,,,,,,,,,,,,,,,,,,,,,,,,,,,,,,,,,,,,,,,,,,,,,,,,,,,,,,,,,,,,,,,,,,,,,,,,,,,,,,,,,0.8660254037844387,-0.4999999999999998,0
2008-05-01,,,,,,,,,,,,,,,,,,,,,,,,,,,,,,,,,,,,,,,,,,,,,,,,,,,,,,,,,,,,,,,,,,,,,,,,,,,,,,,,,,,,,,,,,,,,,,,,,,,,,,,,,,,,,,,,9.528571428571428,-11.9,18.2,282.59999999999997,-15.8,53.7,14.0,7.0,,,,,,,,,,,,,,,,,,,,,,,,,,,,,,,,,,,,,,,,,,,,,,,,,,,,,,,,,,,,,,,,,,,,,,,,,,,,,,,,,,,,,,,,,,,,,,,,,,,,,,,,,,,,,,,,,,,,,,,,,,,,,,,,,,,,,,,,,,,,,,,,,,,,,,,,,,,,,,,,,,,,,,,,,,,,,,,,,,,,,,,,,,,,,,0.49999999999999994,-0.8660254037844387,0
2008-06-01,,,,,,,,,,,,,,,,,,,,,,,,,,,,,,,,,,,,,,,,,,,,,,,,,,,,,,,,,,,,,,,,,,,,,,,,,,,,,,,,,,,,,,,,,,,,,,,,,,,,,,,,,,,,,,,,15.514814814814814,-5.4,24.7,424.9,-6.0,19.8,8.0,9.0,,,,,,,,,,,,,,,,,,,,,,,,,,,,,,,,,,,,,,,,,,,,,,,,,,,,,,,,,,,,,,,,,,,,,,,,,,,,,,,,,,,,,,,,,,,,,,,,,,,,,,,,,,,,,,,,,,,,,,,,,,,,,,,,,,,,,,,,,,,,,,,,,,,,,,,,,,,,,,,,,,,,,,,,,,,,,,,,,,,,,,,,,,,,,,1.2246467991473532e-16,-1.0,0
2008-07-01,,,,,,,,,,,,,,,,,,,,,,,,,,,,,,,,,,,,,,,,,,,,,,,,,,,,,,,,,,,,,,,,,,,,,,,,,,,,,,,,,,,,,,,,,,,,,,,,,,,,,,,,,,,,,,,,16.507142857142856,-3.4,23.5,465.59999999999997,-3.4,33.7,15.0,8.0,,,,,,,,,,,,,,,,,,,,,,,,,,,,,,,,,,,,,,,,,,,,,,,,,,,,,,,,,,,,,,,,,,,,,,,,,,,,,,,,,,,,,,,,,,,,,,,,,,,,,,,,,,,,,,,,,,,,,,,,,,,,,,,,,,,,,,,,,,,,,,,,,,,,,,,,,,,,,,,,,,,,,,,,,,,,,,,,,,,,,,,,,,,,,,-0.4999999999999997,-0.8660254037844388,0
2008-08-01,,,,,,,,,,,,,,,,,,,,,,,,,,,,,,,,,,,,,,,,,,,,,,,,,,,,,,,,,,,,,,,,,,,,,,,,,,,,,,,,,,,,,,,,,,,,,,,,,,,,,,,,,,,,,,,,12.971428571428572,-8.6,21.4,374.0000000000001,-10.8,52.2,14.0,8.0,,,,,,,,,,,,,,,,,,,,,,,,,,,,,,,,,,,,,,,,,,,,,,,,,,,,,,,,,,,,,,,,,,,,,,,,,,,,,,,,,,,,,,,,,,,,,,,,,,,,,,,,,,,,,,,,,,,,,,,,,,,,,,,,,,,,,,,,,,,,,,,,,,,,,,,,,,,,,,,,,,,,,,,,,,,,,,,,,,,,,,,,,,,,,,-0.8660254037844384,-0.5000000000000004,0
2008-09-01,,,,,,,,,,,,,,,,,,,,,,,,,,,,,,,,,,,,,,,,,,,,,,,,,,,,,,,,,,,,,,,,,,,,,,,,,,,,,,,,,,,,,,,,,,,,,,,,,,,,,,,,,,,,,,,,6.277777777777778,-6.0,21.7,175.5,-6.0,38.2,12.0,8.0,,,,,,,,,,,,,,,,,,,,,,,,,,,,,,,,,,,,,,,,,,,,,,,,,,,,,,,,,,,,,,,,,,,,,,,,,,,,,,,,,,,,,,,,,,,,,,,,,,,,,,,,,,,,,,,,,,,,,,,,,,,,,,,,,,,,,,,,,,,,,,,,,,,,,,,,,,,,,,,,,,,,,,,,,,,,,,,,,,,,,,,,,,,,,,-1.0,-1.8369701987210297e-16,0
2008-10-01,,,,,,,,,,,,,,,,,,,,,,,,,,,,,,,,,,,,,,,,,,,,,,,,,,,,,,,,,,,,,,,,,,,,,,,,,,,,,,,,,,,,,,,,,,,,,,,,,,,,,,,,,,,,,,,,4.139285714285714,-5.7,24.3,131.3,-15.399999999999999,43.2,10.0,8.0,,,,,,,,,,,,,,,,,,,,,,,,,,,,,,,,,,,,,,,,,,,,,,,,,,,,,,,,,,,,,,,,,,,,,,,,,,,,,,,,,,,,,,,,,,,,,,,,,,,,,,,,,,,,,,,,,,,,,,,,,,,,,,,,,,,,,,,,,,,,,,,,,,,,,,,,,,,,,,,,,,,,,,,,,,,,,,,,,,,,,,,,,,,,,,-0.8660254037844386,0.5000000000000001,0
2008-11-01,,,,,,,,,,,,,,,,,,,,,,,,,,,,,,,,,,,,,,,,,,,,,,,,,,,,,,,,,,,,,,,,,,,,,,,,,,,,,,,,,,,,,,,,,,,,,,,,,,,,,,,,,,,,,,,,2.7346153846153842,-11.7,23.8,101.0,-29.9,22.8,10.0,11.0,,,,,,,,,,,,,,,,,,,,,,,,,,,,,,,,,,,,,,,,,,,,,,,,,,,,,,,,,,,,,,,,,,,,,,,,,,,,,,,,,,,,,,,,,,,,,,,,,,,,,,,,,,,,,,,,,,,,,,,,,,,,,,,,,,,,,,,,,,,,,,,,,,,,,,,,,,,,,,,,,,,,,,,,,,,,,,,,,,,,,,,,,,,,,,-0.5000000000000004,0.8660254037844384,0
2008-12-01,,,,,,,,,,,,,,,,,,,,,,,,,,,,,,,,,,,,,,,,,,,,,,,,,,,,,,,,,,,,,,,,,,,,,,,,,,,,,,,,,,,,,,,,,,,,,,,,,,,,,,,,,,,,,,,,9.825,-1.1,22.4,80.5,-1.9000000000000001,12.399999999999999,3.0,11.0,,,,,,,,,,,,,,,,,,,,,,,,,,,,,,,,,,,,,,,,,,,,,,,,,,,,,,,,,,,,,,,,,,,,,,,,,,,,,,,,,,,,,,,,,,,,,,,,,,,,,,,,,,,,,,,,,,,,,,,,,,,,,,,,,,,,,,,,,,,,,,,,,,,,,,,,,,,,,,,,,,,,,,,,,,,,,,,,,,,,,,,,,,,,,,-2.4492935982947064e-16,1.0,1
2009-01-01,,,,,,,,,,,,,,,,,,,,,,,,,,,,,,,,,,,,,,,,,,,,,,,,,,,,,,,,,,,,,,,,,,,,,,,,,,,,,,,,,,,,,,,,,,,,,,,,,,,,,,,,,,,,,,,,9.257142857142856,3.0,14.7,64.80000000000001,0.0,11.100000000000001,3.0,1.0,,,,,,,,,,,,,,,,,,,,,,,,,,,,,,,,,,,,,,,,,,,,,,,,,,,,,,,,,,,,,,,,,,,,,,,,,,,,,,,,,,,,,,,,,,,,,,,,,,,,,,,,,,,,,,,,,,,,,,,,,,,,,,,,,,,,,,,,,,,,,,,,,,,,,,,,,,,,,,,,,,,,,,,,,,,,,,,,,,,,,,,,,,,,,,0.49999999999999994,0.8660254037844387,1
2009-02-01,,,,,,,,,,,,,,,,,,,,,,,,,,,,,,,,,,,,,,,,,,,,,,,,,,,,,,,,,,,,,,,,,,,,,,,,,,,,,,,,,,,,,,,,,,,,,,,,,,,,,,,,,,,,,,,,9.357142857142858,0.3,17.7,65.5,0.0,13.9,5.0,4.0,,,,,,,,,,,,,,,,,,,,,,,,,,,,,,,,,,,,,,,,,,,,,,,,,,,,,,,,,,,,,,,,,,,,,,,,,,,,,,,,,,,,,,,,,,,,,,,,,,,,,,,,,,,,,,,,,,,,,,,,,,,,,,,,,,,,,,,,,,,,,,,,,,,,,,,,,,,,,,,,,,,,,,,,,,,,,,,,,,,,,,,,,,,,,,0.8660254037844386,0.5000000000000001,1
2009-03-01,,,,,,,,,,,,,,,,,,,,,,,,,,,,,,,,,,,,,,,,,,,,,,,,,,,,,,,,,,,,,,,,,,,,,,,,,,,,,,,,,,,,,,,,,,,,,,,,,,,,,,,,,,,,,,,,6.376923076923077,-0.1,17.2,83.0,-0.1,18.299999999999997,3.0,34.0,,,,,,,,,,,,,,,,,,,,,,,,,,,,,,,,,,,,,,,,,,,,,,,,,,,,,,,,,,,,,,,,,,,,,,,,,,,,,,,,,,,,,,,,,,,,,,,,,,,,,,,,,,,,,,,,,,,,,,,,,,,,,,,,,,,,,,,,,,,,,,,,,,,,,,,,,,,,,,,,,,,,,,,,,,,,,,,,,,,,,,,,,,,,,,1.0,6.123233995736766e-17,0
2009-04-01,,,,,,,,,,,,,,,,,,,,,,,,,,,,,,,,,,,,,,,,,,,,,,,,,,,,,,,,,,,,,,,,,,,,,,,,,,,,,,,,,,,,,,,,,,,,,,,,,,,,,,,,,,,,,,,,5.303999999999999,-2.2,19.0,137.79999999999998,-5.2,43.9,13.0,3.0,,,,,,,,,,,,,,,,,,,,,,,,,,,,,,,,,,,,,,,,,,,,,,,,,,,,,,,,,,,,,,,,,,,,,,,,,,,,,,,,,,,,,,,,,,,,,,,,,,,,,,,,,,,,,,,,,,,,,,,,,,,,,,,,,,,,,,,,,,,,,,,,,,,,,,,,,,,,,,,,,,,,,,,,,,,,,,,,,,,,,,,,,,,,,,0.8660254037844387,-0.4999999999999998,0
2009-05-01,,,,,,,,,,,,,,,,,,,,,,,,,,,,,,,,,,,,,,,,,,,,,,,,,,,,,,,,,,,,,,,,,,,,,,,,,,,,,,,,,,,,,,,,,,,,,,,,,,,,,,,,,,,,,,,,11.634615384615385,-5.1,22.3,307.59999999999997,-5.1,27.200000000000003,3.0,,,,,,,,,,,,,,,,,,,,,,,,,,,,,,,,,,,,,,,,,,,,,,,,,,,,,,,,,,,,,,,,,,,,,,,,,,,,,,,,,,,,,,,,,,,,,,,,,,,,,,,,,,,,,,,,,,,,,,,,,,,,,,,,,,,,,,,,,,,,,,,,,,,,,,,,,,,,,,,,,,,,,,,,,,,,,,,,,,,,,,,,,,,,,,,0.49999999999999994,-0.8660254037844387,0
2009-06-01,,,,,,,,,,,,,,,,,,,,,,,,,,,,,,,,,,,,,,,,,,,,,,,,,,,,,,,,,,,,,,,,,,,,,,,,,,,,,,,,,,,,,,,,,,,,,,,,,,,,,,,,,,,,,,,,14.184000000000001,-6.6,25.5,361.2,-6.6,55.4,10.0,,,,,,,,,,,,,,,,,,,,,,,,,,,,,,,,,,,,,,,,,,,,,,,,,,,,,,,,,,,,,,,,,,,,,,,,,,,,,,,,,,,,,,,,,,,,,,,,,,,,,,,,,,,,,,,,,,,,,,,,,,,,,,,,,,,,,,,,,,,,,,,,,,,,,,,,,,,,,,,,,,,,,,,,,,,,,,,,,,,,,,,,,,,,,,,1.2246467991473532e-16,-1.0,0
2009-07-01,,,,,,,,,,,,,,,,,,,,,,,,,,,,,,,,,,,,,,,,,,,,,,,,,,,,,,,,,,,,,,,,,,,,,,,,,,,,,,,,,,,,,,,,,,,,,,,,,,,,,,,,,,,,,,,,16.407692307692308,-4.1,25.6,430.69999999999993,-4.1,31.7,12.0,,,,,,,,,,,,,,,,,,,,,,,,,,,,,,,,,,,,,,,,,,,,,,,,,,,,,,,,,,,,,,,,,,,,,,,,,,,,,,,,,,,,,,,,,,,,,,,,,,,,,,,,,,,,,,,,,,,,,,,,,,,,,,,,,,,,,,,,,,,,,,,,,,,,,,,,,,,,,,,,,,,,,,,,,,,,,,,,,,,,,,,,,,,,,,,-0.4999999999999997,-0.8660254037844388,0
2009-08-01,,,,,,,,,,,,,,,,,,,,,,,,,,,,,,,,,,,,,,,,,,,,,,,,,,,,,,,,,,,,,,,,,,,,,,,,,,,,,,,,,,,,,,,,,,,,,,,,,,,,,,,,,,,,,,,,16.3,-3.0,24.9,426.8,-3.0,51.9,8.0,,,,,,,,,,,,,,,,,,,,,,,,,,,,,,,,,,,,,,,,,,,,,,,,,,,,,,,,,,,,,,,,,,,,,,,,,,,,,,,,,,,,,,,,,,,,,,,,,,,,,,,,,,,,,,,,,,,,,,,,,,,,,,,,,,,,,,,,,,,,,,,,,,,,,,,,,,,,,,,,,,,,,,,,,,,,,,,,,,,,,,,,,,,,,,,-0.8660254037844384,-0.5000000000000004,0
2009-09-01,,,,,,,,,,,,,,,,,,,,,,,,,,,,,,,,,,,,,,,,,,,,,,,,,,,,,,,,,,,,,,,,,,,,,,,,,,,,,,,,,,,,,,,,,,,,,,,,,,,,,,,,,,,,,,,,10.156,-6.9,20.1,260.79999999999995,-6.9,52.1,13.0,,,,,,,,,,,,,,,,,,,,,,,,,,,,,,,,,,,,,,,,,,,,,,,,,,,,,,,,,,,,,,,,,,,,,,,,,,,,,,,,,,,,,,,,,,,,,,,,,,,,,,,,,,,,,,,,,,,,,,,,,,,,,,,,,,,,,,,,,,,,,,,,,,,,,,,,,,,,,,,,,,,,,,,,,,,,,,,,,,,,,,,,,,,,,,,-1.0,-1.8369701987210297e-16,0
2009-10-01,,,,,,,,,,,,,,,,,,,,,,,,,,,,,,,,,,,,,,,,,,,,,,,,,,,,,,,,,,,,,,,,,,,,,,,,,,,,,,,,,,,,,,,,,,,,,,,,,,,,,,,,,,,,,,,,6.195,-7.1,20.6,138.9,-15.0,20.4,10.0,1.0,,,,,,,,,,,,,,,,,,,,,,,,,,,,,,,,,,,,,,,,,,,,,,,,,,,,,,,,,,,,,,,,,,,,,,,,,,,,,,,,,,,,,,,,,,,,,,,,,,,,,,,,,,,,,,,,,,,,,,,,,,,,,,,,,,,,,,,,,,,,,,,,,,,,,,,,,,,,,,,,,,,,,,,,,,,,,,,,,,,,,,,,,,,,,,-0.8660254037844386,0.5000000000000001,0
2009-11-01,,,,,,,,,,,,,,,,,,,,,,,,,,,,,,,,,,,,,,,,,,,,,,,,,,,,,,,,,,,,,,,,,,,,,,,,,,,,,,,,,,,,,,,,,,,,,,,,,,,,,,,,,,,,,,,,9.928571428571429,-0.7,17.9,70.2,-0.7,50.0,3.0,,,,,,,,,,,,,,,,,,,,,,,,,,,,,,,,,,,,,,,,,,,,,,,,,,,,,,,,,,,,,,,,,,,,,,,,,,,,,,,,,,,,,,,,,,,,,,,,,,,,,,,,,,,,,,,,,,,,,,,,,,,,,,,,,,,,,,,,,,,,,,,,,,,,,,,,,,,,,,,,,,,,,,,,,,,,,,,,,,,,,,,,,,,,,,,-0.5000000000000004,0.8660254037844384,0
2009-12-01,,,,,,,,,,,,,,,,,,,,,,,,,,,,,,,,,,,,,,,,,,,,,,,,,,,,,,,,,,,,,,,,,,,,,,,,,,,,,,,,,,,,,,,,,,,,,,,,,,,,,,,,,,,,,,,,9.285714285714286,-1.8,16.4,66.80000000000001,-1.8,0.9,1.0,,,,,,,,,,,,,,,,,,,,,,,,,,,,,,,,,,,,,,,,,,,,,,,,,,,,,,,,,,,,,,,,,,,,,,,,,,,,,,,,,,,,,,,,,,,,,,,,,,,,,,,,,,,,,,,,,,,,,,,,,,,,,,,,,,,,,,,,,,,,,,,,,,,,,,,,,,,,,,,,,,,,,,,,,,,,,,,,,,,,,,,,,,,,,,,-2.4492935982947064e-16,1.0,1
2010-01-01,,,,,,,,,,,,,,,,,,,,,,,,,,,,,,,,,,,,,,,,,,,,,,,,,,,,,,,,,,,,,,,,,,,,,,,,,,,,,,,,,,,,,,,,,,,,,,,,,,,,,,,,,,,,,,,,9.028571428571428,-1.9,19.3,65.10000000000001,-1.9,13.100000000000001,2.0,,,,,,,,,,,,,,,,,,,,,,,,,,,,,,,,,,,,,,,,,,,,,,,,,,,,,,,,,,,,,,,,,,,,,,,,,,,,,,,,,,,,,,,,,,,,,,,,,,,,,,,,,,,,,,,,,,,,,,,,,,,,,,,,,,,,,,,,,,,,,,,,,,,,,,,,,,,,,,,,,,,,,,,,,,,,,,,,,,,,,,,,,,,,,,,0.49999999999999994,0.8660254037844387,1
2010-02-01,,,,,,,,,,,,,,,,,,,,,,,,,,,,,,,,,,,,,,,,,,,,,,,,,,,,,,,,,,,,,,,,,,,,,,,,,,,,,,,,,,,,,,,,,,,,,,,,,,,,,,,,,,,,,,,,10.214285714285714,-2.3,20.8,73.80000000000001,-2.3,8.2,2.0,,,,,,,,,,,,,,,,,,,,,,,,,,,,,,,,,,,,,,,,,,,,,,,,,,,,,,,,,,,,,,,,,,,,,,,,,,,,,,,,,,,,,,,,,,,,,,,,,,,,,,,,,,,,,,,,,,,,,,,,,,,,,,,,,,,,,,,,,,,,,,,,,,,,,,,,,,,,,,,,,,,,,,,,,,,,,,,,,,,,,,,,,,,,,,,0.8660254037844386,0.5000000000000001,1
2010-03-01,,,,,,,,,,,,,,,,,,,,,,,,,,,,,,,,,,,,,,,,,,,,,,,,,,,,,,,,,,,,,,,,,,,,,,,,,,,,,,,,,,,,,,,,,,,,,,,,,,,,,,,,,,,,,,,,10.325,-1.6,21.3,84.19999999999999,-1.6,5.2,2.0,26.0,,,,,,,,,,,,,,,,,,,,,,,,,,,,,,,,,,,,,,,,,,,,,,,,,,,,,,,,,,,,,,,,,,,,,,,,,,,,,,,,,,,,,,,,,,,,,,,,,,,,,,,,,,,,,,,,,,,,,,,,,,,,,,,,,,,,,,,,,,,,,,,,,,,,,,,,,,,,,,,,,,,,,,,,,,,,,,,,,,,,,,,,,,,,,,1.0,6.123233995736766e-17,0
2010-04-01,,,,,,,,,,,,,,,,,,,,,,,,,,,,,,,,,,,,,,,,,,,,,,,,,,,,,,,,,,,,,,,,,,,,,,,,,,,,,,,,,,,,,,,,,,,,,,,,,,,,,,,,,,,,,,,,9.03076923076923,0.2,22.1,234.8,0.0,6.7,3.0,22.0,,,,,,,,,,,,,,,,,,,,,,,,,,,,,,,,,,,,,,,,,,,,,,,,,,,,,,,,,,,,,,,,,,,,,,,,,,,,,,,,,,,,,,,,,,,,,,,,,,,,,,,,,,,,,,,,,,,,,,,,,,,,,,,,,,,,,,,,,,,,,,,,,,,,,,,,,,,,,,,,,,,,,,,,,,,,,,,,,,,,,,,,,,,,,,0.8660254037844387,-0.4999999999999998,0
2010-05-01,,,,,,,,,,,,,,,,,,,,,,,,,,,,,,,,,,,,,,,,,,,,,,,,,,,,,,,,,,,,,,,,,,,,,,,,,,,,,,,,,,,,,,,,,,,,,,,,,,,,,,,,,,,,,,,,10.8,-0.6,20.3,292.2,-0.6,17.099999999999998,7.0,15.0,,,,,,,,,,,,,,,,,,,,,,,,,,,,,,,,,,,,,,,,,,,,,,,,,,,,,,,,,,,,,,,,,,,,,,,,,,,,,,,,,,,,,,,,,,,,,,,,,,,,,,,,,,,,,,,,,,,,,,,,,,,,,,,,,,,,,,,,,,,,,,,,,,,,,,,,,,,,,,,,,,,,,,,,,,,,,,,,,,,,,,,,,,,,,,0.49999999999999994,-0.8660254037844387,0
2010-06-01,,,,,,,,,,,,,,,,,,,,,,,,,,,,,,,,,,,,,,,,,,,,,,,,,,,,,,,,,,,,,,,,,,,,,,,,,,,,,,,,,,,,,,,,,,,,,,,,,,,,,,,,,,,,,,,,14.953846153846154,-6.4,22.6,395.20000000000005,-6.4,48.2,11.0,13.0,,,,,,,,,,,,,,,,,,,,,,,,,,,,,,,,,,,,,,,,,,,,,,,,,,,,,,,,,,,,,,,,,,,,,,,,,,,,,,,,,,,,,,,,,,,,,,,,,,,,,,,,,,,,,,,,,,,,,,,,,,,,,,,,,,,,,,,,,,,,,,,,,,,,,,,,,,,,,,,,,,,,,,,,,,,,,,,,,,,,,,,,,,,,,,1.2246467991473532e-16,-1.0,0
2010-07-01,,,,,,,,,,,,,,,,,,,,,,,,,,,,,,,,,,,,,,,,,,,,,,,,,,,,,,,,,,,,,,,,,,,,,,,,,,,,,,,,,,,,,,,,,,,,,,,,,,,,,,,,,,,,,,,,15.962962962962964,-3.7,25.0,434.70000000000005,-3.7,32.7,6.0,13.0,,,,,,,,,,,,,,,,,,,,,,,,,,,,,,,,,,,,,,,,,,,,,,,,,,,,,,,,,,,,,,,,,,,,,,,,,,,,,,,,,,,,,,,,,,,,,,,,,,,,,,,,,,,,,,,,,,,,,,,,,,,,,,,,,,,,,,,,,,,,,,,,,,,,,,,,,,,,,,,,,,,,,,,,,,,,,,,,,,,,,,,,,,,,,,-0.4999999999999997,-0.8660254037844388,0
2010-08-01,,,,,,,,,,,,,,,,,,,,,,,,,,,,,,,,,,,,,,,,,,,,,,,,,,,,,,,,,,,,,,,,,,,,,,,,,,,,,,,,,,,,,,,,,,,,,,,,,,,,,,,,,,,,,,,,12.07037037037037,-2.9,20.0,328.9,-3.0,57.699999999999996,13.0,12.0,,,,,,,,,,,,,,,,,,,,,,,,,,,,,,,,,,,,,,,,,,,,,,,,,,,,,,,,,,,,,,,,,,,,,,,,,,,,,,,,,,,,,,,,,,,,,,,,,,,,,,,,,,,,,,,,,,,,,,,,,,,,,,,,,,,,,,,,,,,,,,,,,,,,,,,,,,,,,,,,,,,,,,,,,,,,,,,,,,,,,,,,,,,,,,-0.8660254037844384,-0.5000000000000004,0
2010-09-01,,,,,,,,,,,,,,,,,,,,,,,,,,,,,,,,,,,,,,,,,,,,,,,,,,,,,,,,,,,,,,,,,,,,,,,,,,,,,,,,,,,,,,,,,,,,,,,,,,,,,,,,,,,,,,,,8.365384615384615,-0.8,15.6,218.4,-0.9,31.0,7.0,11.0,,,,,,,,,,,,,,,,,,,,,,,,,,,,,,,,,,,,,,,,,,,,,,,,,,,,,,,,,,,,,,,,,,,,,,,,,,,,,,,,,,,,,,,,,,,,,,,,,,,,,,,,,,,,,,,,,,,,,,,,,,,,,,,,,,,,,,,,,,,,,,,,,,,,,,,,,,,,,,,,,,,,,,,,,,,,,,,,,,,,,,,,,,,,,,-1.0,-1.8369701987210297e-16,0
2010-10-01,,,,,,,,,,,,,,,,,,,,,,,,,,,,,,,,,,,,,,,,,,,,,,,,,,,,,,,,,,,,,,,,,,,,,,,,,,,,,,,,,,,,,,,,,,,,,,,,,,,,,,,,,,,,,,,,4.374074074074074,-1.1,13.7,120.19999999999999,-2.1,21.1,7.0,11.0,,,,,,,,,,,,,,,,,,,,,,,,,,,,,,,,,,,,,,,,,,,,,,,,,,,,,,,,,,,,,,,,,,,,,,,,,,,,,,,,,,,,,,,,,,,,,,,,,,,,,,,,,,,,,,,,,,,,,,,,,,,,,,,,,,,,,,,,,,,,,,,,,,,,,,,,,,,,,,,,,,,,,,,,,,,,,,,,,,,,,,,,,,,,,,-0.8660254037844386,0.5000000000000001,0
2010-11-01,,,,,,,,,,,,,,,,,,,,,,,,,,,,,,,,,,,,,,,,,,,,,,,,,,,,,,,,,,,,,,,,,,,,,,,,,,,,,,,,,,,,,,,,,,,,,,,,,,,,,,,,,,,,,,,,5.133333333333334,-4.1,17.0,84.39999999999999,-7.3999999999999995,15.299999999999999,9.0,6.0,,,,,,,,,,,,,,,,,,,,,,,,,,,,,,,,,,,,,,,,,,,,,,,,,,,,,,,,,,,,,,,,,,,,,,,,,,,,,,,,,,,,,,,,,,,,,,,,,,,,,,,,,,,,,,,,,,,,,,,,,,,,,,,,,,,,,,,,,,,,,,,,,,,,,,,,,,,,,,,,,,,,,,,,,,,,,,,,,,,,,,,,,,,,,,-0.5000000000000004,0.8660254037844384,0
2010-12-01,,,,,,,,,,,,,,,,,,,,,,,,,,,,,,,,,,,,,,,,,,,,,,,,,,,,,,,,,,,,,,,,,,,,,,,,,,,,,,,,,,,,,,,,,,,,,,,,,,,,,,,,,,,,,,,,10.4875,1.8,22.1,83.9,0.0,16.599999999999998,4.0,6.0,,,,,,,,,,,,,,,,,,,,,,,,,,,,,,,,,,,,,,,,,,,,,,,,,,,,,,,,,,,,,,,,,,,,,,,,,,,,,,,,,,,,,,,,,,,,,,,,,,,,,,,,,,,,,,,,,,,,,,,,,,,,,,,,,,,,,,,,,,,,,,,,,,,,,,,,,,,,,,,,,,,,,,,,,,,,,,,,,,,,,,,,,,,,,,-2.4492935982947064e-16,1.0,1
2011-01-01,,,,,,,,,,,,,,,,,,,,,,,,,,,,,,,,,,,,,,,,,,,,,,,,,,,,,,,,,,,,,,,,,,,,,,,,,,,,,,,,,,,,,,,,,,,,,,,,,,,,,,,,,,,,,,,,11.75,6.5,17.8,70.5,0.0,12.3,3.0,,,,,,,,,,,,,,,,,,,,,,,,,,,,,,,,,,,,,,,,,,,,,,,,,,,,,,,,,,,,,,,,,,,,,,,,,,,,,,,,,,,,,,,,,,,,,,,,,,,,,,,,,,,,,,,,,,,,,,,,,,,,,,,,,,,,,,,,,,,,,,,,,,,,,,,,,,,,,,,,,,,,,,,,,,,,,,,,,,,,,,,,,,,,,,,0.49999999999999994,0.8660254037844387,1
2011-02-01,,,,,,,,,,,,,,,,,,,,,,,,,,,,,,,,,,,,,,,,,,,,,,,,,,,,,,,,,,,,,,,,,,,,,,,,,,,,,,,,,,,,,,,,,,,,,,,,,,,,,,,,,,,,,,,,12.233333333333334,8.4,18.1,73.4,0.0,7.7,2.0,,,,,,,,,,,,,,,,,,,,,,,,,,,,,,,,,,,,,,,,,,,,,,,,,,,,,,,,,,,,,,,,,,,,,,,,,,,,,,,,,,,,,,,,,,,,,,,,,,,,,,,,,,,,,,,,,,,,,,,,,,,,,,,,,,,,,,,,,,,,,,,,,,,,,,,,,,,,,,,,,,,,,,,,,,,,,,,,,,,,,,,,,,,,,,,0.8660254037844386,0.5000000000000001,1
2011-03-01,,,,,,,,,,,,,,,,,,,,,,,,,,,,,,,,,,,,,,,,,,,,,,,,,,,,,,,,,,,,,,,,,,,,,,,,,,,,,,,,,,,,,,,,,,,,,,,,,,,,,,,,,,,,,,,,12.950000000000001,8.7,18.4,77.7,0.0,21.2,4.0,,,,,,,,,,,,,,,,,,,,,,,,,,,,,,,,,,,,,,,,,,,,,,,,,,,,,,,,,,,,,,,,,,,,,,,,,,,,,,,,,,,,,,,,,,,,,,,,,,,,,,,,,,,,,,,,,,,,,,,,,,,,,,,,,,,,,,,,,,,,,,,,,,,,,,,,,,,,,,,,,,,,,,,,,,,,,,,,,,,,,,,,,,,,,,,1.0,6.123233995736766e-17,0
2011-04-01,,,,,,,,,,,,,,,,,,,,,,,,,,,,,,,,,,,,,,,,,,,,,,,,,,,,,,,,,,,,,,,,,,,,,,,,,,,,,,,,,,,,,,,,,,,,,,,,,,,,,,,,,,,,,,,,8.691666666666666,1.7,20.8,208.6,0.0,49.9,11.0,1.0,,,,,,,,,,,,,,,,,,,,,,,,,,,,,,,,,,,,,,,,,,,,,,,,,,,,,,,,,,,,,,,,,,,,,,,,,,,,,,,,,,,,,,,,,,,,,,,,,,,,,,,,,,,,,,,,,,,,,,,,,,,,,,,,,,,,,,,,,,,,,,,,,,,,,,,,,,,,,,,,,,,,,,,,,,,,,,,,,,,,,,,,,,,,,,0.8660254037844387,-0.4999999999999998,0
2011-05-01,,,,,,,,,,,,,,,,,,,,,,,,,,,,,,,,,,,,,,,,,,,,,,,,,,,,,,,,,,,,,,,,,,,,,,,,,,,,,,,,,,,,,,,,,,,,,,,,,,,,,,,,,,,,,,,,12.308,4.0,19.6,307.7,0.0,13.0,6.0,,,,,,,,,,,,,,,,,,,,,,,,,,,,,,,,,,,,,,,,,,,,,,,,,,,,,,,,,,,,,,,,,,,,,,,,,,,,,,,,,,,,,,,,,,,,,,,,,,,,,,,,,,,,,,,,,,,,,,,,,,,,,,,,,,,,,,,,,,,,,,,,,,,,,,,,,,,,,,,,,,,,,,,,,,,,,,,,,,,,,,,,,,,,,,,0.49999999999999994,-0.8660254037844387,0
2011-06-01,,,,,,,,,,,,,,,,,,,,,,,,,,,,,,,,,,,,,,,,,,,,,,,,,,,,,,,,,,,,,,,,,,,,,,,,,,,,,,,,,,,,,,,,,,,,,,,,,,,,,,,,,,,,,,,,16.295833333333334,7.4,23.6,391.1,0.0,56.7,10.0,,,,,,,,,,,,,,,,,,,,,,,,,,,,,,,,,,,,,,,,,,,,,,,,,,,,,,,,,,,,,,,,,,,,,,,,,,,,,,,,,,,,,,,,,,,,,,,,,,,,,,,,,,,,,,,,,,,,,,,,,,,,,,,,,,,,,,,,,,,,,,,,,,,,,,,,,,,,,,,,,,,,,,,,,,,,,,,,,,,,,,,,,,,,,,,1.2246467991473532e-16,-1.0,0
2011-07-01,,,,,,,,,,,,,,,,,,,,,,,,,,,,,,,,,,,,,,,,,,,,,,,,,,,,,,,,,,,,,,,,,,,,,,,,,,,,,,,,,,,,,,,,,,,,,,,,,,,,,,,,,,,,,,,,16.4,4.7,23.1,426.4,0.0,82.69999999999999,11.0,29.0,,,,,,,,,,,,,,,,,,,,,,,,,,,,,,,,,,,,,,,,,,,,,,,,,,,,,,,,,,,,,,,,,,,,,,,,,,,,,,,,,,,,,,,,,,,,,,,,,,,,,,,,,,,,,,,,,,,,,,,,,,,,,,,,,,,,,,,,,,,,,,,,,,,,,,,,,,,,,,,,,,,,,,,,,,,,,,,,,,,,,,,,,,,,,,-0.4999999999999997,-0.8660254037844388,0
2011-08-01,,,,,,,,,,,,,,,,,,,,,,,,,,,,,,,,,,,,,,,,,,,,,,,,,,,,,,,,,,,,,,,,,,,,,,,,,,,,,,,,,,,,,,,,,,,,,,,,,,,,,,,,,,,,,,,,12.573076923076922,4.0,23.6,326.8999999999999,0.0,67.9,15.0,22.0,,,,,,,,,,,,,,,,,,,,,,,,,,,,,,,,,,,,,,,,,,,,,,,,,,,,,,,,,,,,,,,,,,,,,,,,,,,,,,,,,,,,,,,,,,,,,,,,,,,,,,,,,,,,,,,,,,,,,,,,,,,,,,,,,,,,,,,,,,,,,,,,,,,,,,,,,,,,,,,,,,,,,,,,,,,,,,,,,,,,,,,,,,,,,,-0.8660254037844384,-0.5000000000000004,0
2011-09-01,,,,,,,,,,,,,,,,,,,,,,,,,,,,,,,,,,,,,,,,,,,,,,,,,,,,,,,,,,,,,,,,,,,,,,,,,,,,,,,,,,,,,,,,,,,,,,,,,,,,,,,,,,,,,,,,11.8,5.9,21.4,295.0,0.0,27.299999999999997,10.0,15.0,,,,,,,,,,,,,,,,,,,,,,,,,,,,,,,,,,,,,,,,,,,,,,,,,,,,,,,,,,,,,,,,,,,,,,,,,,,,,,,,,,,,,,,,,,,,,,,,,,,,,,,,,,,,,,,,,,,,,,,,,,,,,,,,,,,,,,,,,,,,,,,,,,,,,,,,,,,,,,,,,,,,,,,,,,,,,,,,,,,,,,,,,,,,,,-1.0,-1.8369701987210297e-16,0
2011-10-01,,,,,,,,,,,,,,,,,,,,,,,,,,,,,,,,,,,,,,,,,,,,,,,,,,,,,,,,,,,,,,,,,,,,,,,,,,,,,,,,,,,,,,,,,,,,,,,,,,,,,,,,,,,,,,,,7.156521739130435,-3.4,22.3,171.79999999999998,-7.199999999999999,57.3,4.0,13.0,,,,,,,,,,,,,,,,,,,,,,,,,,,,,,,,,,,,,,,,,,,,,,,,,,,,,,,,,,,,,,,,,,,,,,,,,,,,,,,,,,,,,,,,,,,,,,,,,,,,,,,,,,,,,,,,,,,,,,,,,,,,,,,,,,,,,,,,,,,,,,,,,,,,,,,,,,,,,,,,,,,,,,,,,,,,,,,,,,,,,,,,,,,,,,-0.8660254037844386,0.5000000000000001,0
2011-11-01,,,,,,,,,,,,,,,,,,,,,,,,,,,,,,,,,,,,,,,,,,,,,,,,,,,,,,,,,,,,,,,,,,,,,,,,,,,,,,,,,,,,,,,,,,,,,,,,,,,,,,,,,,,,,,,,13.514285714285714,7.7,22.0,94.60000000000001,0.0,3.2,3.0,2.0,,,,,,,,,,,,,,,,,,,,,,,,,,,,,,,,,,,,,,,,,,,,,,,,,,,,,,,,,,,,,,,,,,,,,,,,,,,,,,,,,,,,,,,,,,,,,,,,,,,,,,,,,,,,,,,,,,,,,,,,,,,,,,,,,,,,,,,,,,,,,,,,,,,,,,,,,,,,,,,,,,,,,,,,,,,,,,,,,,,,,,,,,,,,,,-0.5000000000000004,0.8660254037844384,0
2011-12-01,,,,,,,,,,,,,,,,,,,,,,,,,,,,,,,,,,,,,,,,,,,,,,,,,,,,,,,,,,,,,,,,,,,,,,,,,,,,,,,,,,,,,,,,,,,,,,,,,,,,,,,,,,,,,,,,12.828571428571427,3.4,23.1,89.80000000000001,0.0,9.3,4.0,1.0,,,,,,,,,,,,,,,,,,,,,,,,,,,,,,,,,,,,,,,,,,,,,,,,,,,,,,,,,,,,,,,,,,,,,,,,,,,,,,,,,,,,,,,,,,,,,,,,,,,,,,,,,,,,,,,,,,,,,,,,,,,,,,,,,,,,,,,,,,,,,,,,,,,,,,,,,,,,,,,,,,,,,,,,,,,,,,,,,,,,,,,,,,,,,,-2.4492935982947064e-16,1.0,1
2012-01-01,,,,,,,,,,,,,,,,,,,,,,,,,,,,,,,,,,,,,,,,,,,,,,,,,,,,,,,,,,,,,,,,,,,,,,,,,,,,,,,,,,,,,,,,,,,,,,,,,,,,,,,,,,,,,,,,13.314285714285715,-0.5,21.4,93.7,-0.5,13.0,2.0,,,,,,,,,,,,,,,,,,,,,,,,,,,,,,,,,,,,,,,,,,,,,,,,,,,,,,,,,,,,,,,,,,,,,,,,,,,,,,,,,,,,,,,,,,,,,,,,,,,,,,,,,,,,,,,,,,,,,,,,,,,,,,,,,,,,,,,,,,,,,,,,,,,,,,,,,,,,,,,,,,,,,,,,,,,,,,,,,,,,,,,,,,,,,,,0.49999999999999994,0.8660254037844387,1
2012-02-01,,,,,,,,,,,,,,,,,,,,,,,,,,,,,,,,,,,,,,,,,,,,,,,,,,,,,,,,,,,,,,,,,,,,,,,,,,,,,,,,,,,,,,,,,,,,,,,,,,,,,,,,,,,,,,,,11.625,0.6,22.5,93.0,0.0,23.6,4.0,39.0,,,,,,,,,,,,,,,,,,,,,,,,,,,,,,,,,,,,,,,,,,,,,,,,,,,,,,,,,,,,,,,,,,,,,,,,,,,,,,,,,,,,,,,,,,,,,,,,,,,,,,,,,,,,,,,,,,,,,,,,,,,,,,,,,,,,,,,,,,,,,,,,,,,,,,,,,,,,,,,,,,,,,,,,,,,,,,,,,,,,,,,,,,,,,,0.8660254037844386,0.5000000000000001,1
2012-03-01,,,,,,,,,,,,,,,,,,,,,,,,,,,,,,,,,,,,,,,,,,,,,,,,,,,,,,,,,,,,,,,,,,,,,,,,,,,,,,,,,,,,,,,,,,,,,,,,,,,,,,,,,,,,,,,,11.55,-0.7,23.3,93.10000000000001,-0.7,23.3,4.0,27.0,,,,,,,,,,,,,,,,,,,,,,,,,,,,,,,,,,,,,,,,,,,,,,,,,,,,,,,,,,,,,,,,,,,,,,,,,,,,,,,,,,,,,,,,,,,,,,,,,,,,,,,,,,,,,,,,,,,,,,,,,,,,,,,,,,,,,,,,,,,,,,,,,,,,,,,,,,,,,,,,,,,,,,,,,,,,,,,,,,,,,,,,,,,,,,1.0,6.123233995736766e-17,0
2012-04-01,,,,,,,,,,,,,,,,,,,,,,,,,,,,,,,,,,,,,,,,,,,,,,,,,,,,,,,,,,,,,,,,,,,,,,,,,,,,,,,,,,,,,,,,,,,,,,,,,,,,,,,,,,,,,,,,8.4,1.2,23.8,209.99999999999997,0.0,34.9,8.0,14.0,,,,,,,,,,,,,,,,,,,,,,,,,,,,,,,,,,,,,,,,,,,,,,,,,,,,,,,,,,,,,,,,,,,,,,,,,,,,,,,,,,,,,,,,,,,,,,,,,,,,,,,,,,,,,,,,,,,,,,,,,,,,,,,,,,,,,,,,,,,,,,,,,,,,,,,,,,,,,,,,,,,,,,,,,,,,,,,,,,,,,,,,,,,,,,0.8660254037844387,-0.4999999999999998,0
2012-05-01,,,,,,,,,,,,,,,,,,,,,,,,,,,,,,,,,,,,,,,,,,,,,,,,,,,,,,,,,,,,,,,,,,,,,,,,,,,,,,,,,,,,,,,,,,,,,,,,,,,,,,,,,,,,,,,,13.334615384615384,1.3,25.1,346.70000000000005,0.0,15.9,6.0,8.0,,,,,,,,,,,,,,,,,,,,,,,,,,,,,,,,,,,,,,,,,,,,,,,,,,,,,,,,,,,,,,,,,,,,,,,,,,,,,,,,,,,,,,,,,,,,,,,,,,,,,,,,,,,,,,,,,,,,,,,,,,,,,,,,,,,,,,,,,,,,,,,,,,,,,,,,,,,,,,,,,,,,,,,,,,,,,,,,,,,,,,,,,,,,,,0.49999999999999994,-0.8660254037844387,0
2012-06-01,,,,,,,,,,,,,,,,,,,,,,,,,,,,,,,,,,,,,,,,,,,,,,,,,,,,,,,,,,,,,,,,,,,,,,,,,,,,,,,,,,,,,,,,,,,,,,,,,,,,,,,,,,,,,,,,17.052,1.3,23.4,426.29999999999995,0.0,58.5,7.0,5.0,,,,,,,,,,,,,,,,,,,,,,,,,,,,,,,,,,,,,,,,,,,,,,,,,,,,,,,,,,,,,,,,,,,,,,,,,,,,,,,,,,,,,,,,,,,,,,,,,,,,,,,,,,,,,,,,,,,,,,,,,,,,,,,,,,,,,,,,,,,,,,,,,,,,,,,,,,,,,,,,,,,,,,,,,,,,,,,,,,,,,,,,,,,,,,1.2246467991473532e-16,-1.0,0
2012-07-01,,,,,,,,,,,,,,,,,,,,,,,,,,,,,,,,,,,,,,,,,,,,,,,,,,,,,,,,,,,,,,,,,,,,,,,,,,,,,,,,,,,,,,,,,,,,,,,,,,,,,,,,,,,,,,,,18.02307692307692,-0.5,25.4,469.09999999999997,-0.5,61.1,10.0,6.0,,,,,,,,,,,,,,,,,,,,,,,,,,,,,,,,,,,,,,,,,,,,,,,,,,,,,,,,,,,,,,,,,,,,,,,,,,,,,,,,,,,,,,,,,,,,,,,,,,,,,,,,,,,,,,,,,,,,,,,,,,,,,,,,,,,,,,,,,,,,,,,,,,,,,,,,,,,,,,,,,,,,,,,,,,,,,,,,,,,,,,,,,,,,,,-0.4999999999999997,-0.8660254037844388,0
2012-08-01,,,,,,,,,,,,,,,,,,,,,,,,,,,,,,,,,,,,,,,,,,,,,,,,,,,,,,,,,,,,,,,,,,,,,,,,,,,,,,,,,,,,,,,,,,,,,,,,,,,,,,,,,,,,,,,,13.350000000000001,2.2,19.8,347.09999999999997,0.0,22.9,9.0,5.0,,,,,,,,,,,,,,,,,,,,,,,,,,,,,,,,,,,,,,,,,,,,,,,,,,,,,,,,,,,,,,,,,,,,,,,,,,,,,,,,,,,,,,,,,,,,,,,,,,,,,,,,,,,,,,,,,,,,,,,,,,,,,,,,,,,,,,,,,,,,,,,,,,,,,,,,,,,,,,,,,,,,,,,,,,,,,,,,,,,,,,,,,,,,,,-0.8660254037844384,-0.5000000000000004,0
2012-09-01,,,,,,,,,,,,,,,,,,,,,,,,,,,,,,,,,,,,,,,,,,,,,,,,,,,,,,,,,,,,,,,,,,,,,,,,,,,,,,,,,,,,,,,,,,,,,,,,,,,,,,,,,,,,,,,,10.76,5.8,21.6,269.0,0.0,32.1,6.0,4.0,,,,,,,,,,,,,,,,,,,,,,,,,,,,,,,,,,,,,,,,,,,,,,,,,,,,,,,,,,,,,,,,,,,,,,,,,,,,,,,,,,,,,,,,,,,,,,,,,,,,,,,,,,,,,,,,,,,,,,,,,,,,,,,,,,,,,,,,,,,,,,,,,,,,,,,,,,,,,,,,,,,,,,,,,,,,,,,,,,,,,,,,,,,,,,-1.0,-1.8369701987210297e-16,0
2012-10-01,,,,,,,,,,,,,,,,,,,,,,,,,,,,,,,,,,,,,,,,,,,,,,,,,,,,,,,,,,,,,,,,,,,,,,,,,,,,,,,,,,,,,,,,,,,,,,,,,,,,,,,,,,,,,,,,6.346153846153846,-4.2,24.1,174.79999999999998,-9.8,10.9,5.0,2.0,,,,,,,,,,,,,,,,,,,,,,,,,,,,,,,,,,,,,,,,,,,,,,,,,,,,,,,,,,,,,,,,,,,,,,,,,,,,,,,,,,,,,,,,,,,,,,,,,,,,,,,,,,,,,,,,,,,,,,,,,,,,,,,,,,,,,,,,,,,,,,,,,,,,,,,,,,,,,,,,,,,,,,,,,,,,,,,,,,,,,,,,,,,,,,-0.8660254037844386,0.5000000000000001,0
2012-11-01,,,,,,,,,,,,,,,,,,,,,,,,,,,,,,,,,,,,,,,,,,,,,,,,,,,,,,,,,,,,,,,,,,,,,,,,,,,,,,,,,,,,,,,,,,,,,,,,,,,,,,,,,,,,,,,,14.557142857142859,4.8,21.8,101.9,0.0,10.8,3.0,,,,,,,,,,,,,,,,,,,,,,,,,,,,,,,,,,,,,,,,,,,,,,,,,,,,,,,,,,,,,,,,,,,,,,,,,,,,,,,,,,,,,,,,,,,,,,,,,,,,,,,,,,,,,,,,,,,,,,,,,,,,,,,,,,,,,,,,,,,,,,,,,,,,,,,,,,,,,,,,,,,,,,,,,,,,,,,,,,,,,,,,,,,,,,,-0.5000000000000004,0.8660254037844384,0
2012-12-01,,,,,,,,,,,,,,,,,,,,,,,,,,,,,,,,,,,,,,,,,,,,,,,,,,,,,,,,,,,,,,,,,,,,,,,,,,,,,,,,,,,,,,,,,,,,,,,,,,,,,,,,,,,,,,,,12.385714285714284,1.2,21.9,86.70000000000002,0.0,35.300000000000004,5.0,6.0,,,,,,,,,,,,,,,,,,,,,,,,,,,,,,,,,,,,,,,,,,,,,,,,,,,,,,,,,,,,,,,,,,,,,,,,,,,,,,,,,,,,,,,,,,,,,,,,,,,,,,,,,,,,,,,,,,,,,,,,,,,,,,,,,,,,,,,,,,,,,,,,,,,,,,,,,,,,,,,,,,,,,,,,,,,,,,,,,,,,,,,,,,,,,,-2.4492935982947064e-16,1.0,1
2013-01-01,,,,,,,,,,,,,,,,,,,,,,,,,,,,,,,,,,,,,,,,,,,,,,,,,,,,,,,,,,,,,,,,,,,,,,,,,,,,,,,,,,,,,,,,,,,,,,,,,,,,,,,,,,,,,,,,10.214285714285714,2.9,20.6,71.5,0.0,19.7,3.0,,,,,,,,,,,,,,,,,,,,,,,,,,,,,,,,,,,,,,,,,,,,,,,,,,,,,,,,,,,,,,,,,,,,,,,,,,,,,,,,,,,,,,,,,,,,,,,,,,,,,,,,,,,,,,,,,,,,,,,,,,,,,,,,,,,,,,,,,,,,,,,,,,,,,,,,,,,,,,,,,,,,,,,,,,,,,,,,,,,,,,,,,,,,,,,0.49999999999999994,0.8660254037844387,1
2013-02-01,,,,,,,,,,,,,,,,,,,,,,,,,,,,,,,,,,,,,,,,,,,,,,,,,,,,,,,,,,,,,,,,,,,,,,,,,,,,,,,,,,,,,,,,,,,,,,,,,,,,,,,,,,,,,,,,9.171428571428573,0.1,20.9,64.19999999999999,0.0,12.8,5.0,,,,,,,,,,,,,,,,,,,,,,,,,,,,,,,,,,,,,,,,,,,,,,,,,,,,,,,,,,,,,,,,,,,,,,,,,,,,,,,,,,,,,,,,,,,,,,,,,,,,,,,,,,,,,,,,,,,,,,,,,,,,,,,,,,,,,,,,,,,,,,,,,,,,,,,,,,,,,,,,,,,,,,,,,,,,,,,,,,,,,,,,,,,,,,,0.8660254037844386,0.5000000000000001,1
2013-03-01,,,,,,,,,,,,,,,,,,,,,,,,,,,,,,,,,,,,,,,,,,,,,,,,,,,,,,,,,,,,,,,,,,,,,,,,,,,,,,,,,,,,,,,,,,,,,,,,,,,,,,,,,,,,,,,,10.271428571428572,0.6,20.7,71.9,0.0,13.7,4.0,1.0,,,,,,,,,,,,,,,,,,,,,,,,,,,,,,,,,,,,,,,,,,,,,,,,,,,,,,,,,,,,,,,,,,,,,,,,,,,,,,,,,,,,,,,,,,,,,,,,,,,,,,,,,,,,,,,,,,,,,,,,,,,,,,,,,,,,,,,,,,,,,,,,,,,,,,,,,,,,,,,,,,,,,,,,,,,,,,,,,,,,,,,,,,,,,,1.0,6.123233995736766e-17,0
2013-04-01,,,,,,,,,,,,,,,,,,,,,,,,,,,,,,,,,,,,,,,,,,,,,,,,,,,,,,,,,,,,,,,,,,,,,,,,,,,,,,,,,,,,,,,,,,,,,,,,,,,,,,,,,,,,,,,,6.0920000000000005,-1.0,19.9,153.3,-1.0,30.5,8.0,12.0,,,,,,,,,,,,,,,,,,,,,,,,,,,,,,,,,,,,,,,,,,,,,,,,,,,,,,,,,,,,,,,,,,,,,,,,,,,,,,,,,,,,,,,,,,,,,,,,,,,,,,,,,,,,,,,,,,,,,,,,,,,,,,,,,,,,,,,,,,,,,,,,,,,,,,,,,,,,,,,,,,,,,,,,,,,,,,,,,,,,,,,,,,,,,,0.8660254037844387,-0.4999999999999998,0
2013-05-01,,,,,,,,,,,,,,,,,,,,,,,,,,,,,,,,,,,,,,,,,,,,,,,,,,,,,,,,,,,,,,,,,,,,,,,,,,,,,,,,,,,,,,,,,,,,,,,,,,,,,,,,,,,,,,,,9.976923076923075,0.4,20.8,259.40000000000003,0.0,34.3,8.0,,,,,,,,,,,,,,,,,,,,,,,,,,,,,,,,,,,,,,,,,,,,,,,,,,,,,,,,,,,,,,,,,,,,,,,,,,,,,,,,,,,,,,,,,,,,,,,,,,,,,,,,,,,,,,,,,,,,,,,,,,,,,,,,,,,,,,,,,,,,,,,,,,,,,,,,,,,,,,,,,,,,,,,,,,,,,,,,,,,,,,,,,,,,,,,0.49999999999999994,-0.8660254037844387,0
2013-06-01,,,,,,,,,,,,,,,,,,,,,,,,,,,,,,,,,,,,,,,,,,,,,,,,,,,,,,,,,,,,,,,,,,,,,,,,,,,,,,,,,,,,,,,,,,,,,,,,,,,,,,,,,,,,,,,,15.738461538461538,-3.5,24.9,413.20000000000005,-4.0,29.4,4.0,38.0,,,,,,,,,,,,,,,,,,,,,,,,,,,,,,,,,,,,,,,,,,,,,,,,,,,,,,,,,,,,,,,,,,,,,,,,,,,,,,,,,,,,,,,,,,,,,,,,,,,,,,,,,,,,,,,,,,,,,,,,,,,,,,,,,,,,,,,,,,,,,,,,,,,,,,,,,,,,,,,,,,,,,,,,,,,,,,,,,,,,,,,,,,,,,,1.2246467991473532e-16,-1.0,0
2013-07-01,,,,,,,,,,,,,,,,,,,,,,,,,,,,,,,,,,,,,,,,,,,,,,,,,,,,,,,,,,,,,,,,,,,,,,,,,,,,,,,,,,,,,,,,,,,,,,,,,,,,,,,,,,,,,,,,17.05185185185185,-0.2,22.8,460.6,-0.2,83.8,12.0,36.0,,,,,,,,,,,,,,,,,,,,,,,,,,,,,,,,,,,,,,,,,,,,,,,,,,,,,,,,,,,,,,,,,,,,,,,,,,,,,,,,,,,,,,,,,,,,,,,,,,,,,,,,,,,,,,,,,,,,,,,,,,,,,,,,,,,,,,,,,,,,,,,,,,,,,,,,,,,,,,,,,,,,,,,,,,,,,,,,,,,,,,,,,,,,,,-0.4999999999999997,-0.8660254037844388,0
2013-08-01,,,,,,,,,,,,,,,,,,,,,,,,,,,,,,,,,,,,,,,,,,,,,,,,,,,,,,,,,,,,,,,,,,,,,,,,,,,,,,,,,,,,,,,,,,,,,,,,,,,,,,,,,,,,,,,,13.492592592592594,4.3,20.7,364.3,0.0,16.8,8.0,26.0,,,,,,,,,,,,,,,,,,,,,,,,,,,,,,,,,,,,,,,,,,,,,,,,,,,,,,,,,,,,,,,,,,,,,,,,,,,,,,,,,,,,,,,,,,,,,,,,,,,,,,,,,,,,,,,,,,,,,,,,,,,,,,,,,,,,,,,,,,,,,,,,,,,,,,,,,,,,,,,,,,,,,,,,,,,,,,,,,,,,,,,,,,,,,,-0.8660254037844384,-0.5000000000000004,0
2013-09-01,,,,,,,,,,,,,,,,,,,,,,,,,,,,,,,,,,,,,,,,,,,,,,,,,,,,,,,,,,,,,,,,,,,,,,,,,,,,,,,,,,,,,,,,,,,,,,,,,,,,,,,,,,,,,,,,7.615384615384615,0.8,20.3,198.0,0.0,62.7,12.0,23.0,,,,,,,,,,,,,,,,,,,,,,,,,,,,,,,,,,,,,,,,,,,,,,,,,,,,,,,,,,,,,,,,,,,,,,,,,,,,,,,,,,,,,,,,,,,,,,,,,,,,,,,,,,,,,,,,,,,,,,,,,,,,,,,,,,,,,,,,,,,,,,,,,,,,,,,,,,,,,,,,,,,,,,,,,,,,,,,,,,,,,,,,,,,,,,-1.0,-1.8369701987210297e-16,0
2013-10-01,,,,,,,,,,,,,,,,,,,,,,,,,,,,,,,,,,,,,,,,,,,,,,,,,,,,,,,,,,,,,,,,,,,,,,,,,,,,,,,,,,,,,,,,,,,,,,,,,,,,,,,,,,,,,,,,3.3785714285714286,-5.3,19.1,113.89999999999999,-19.299999999999997,37.6,16.0,18.0,,,,,,,,,,,,,,,,,,,,,,,,,,,,,,,,,,,,,,,,,,,,,,,,,,,,,,,,,,,,,,,,,,,,,,,,,,,,,,,,,,,,,,,,,,,,,,,,,,,,,,,,,,,,,,,,,,,,,,,,,,,,,,,,,,,,,,,,,,,,,,,,,,,,,,,,,,,,,,,,,,,,,,,,,,,,,,,,,,,,,,,,,,,,,,-0.8660254037844386,0.5000000000000001,0
2013-11-01,,,,,,,,,,,,,,,,,,,,,,,,,,,,,,,,,,,,,,,,,,,,,,,,,,,,,,,,,,,,,,,,,,,,,,,,,,,,,,,,,,,,,,,,,,,,,,,,,,,,,,,,,,,,,,,,5.015384615384615,-3.7,18.7,73.39999999999999,-8.2,9.700000000000001,6.0,14.0,,,,,,,,,,,,,,,,,,,,,,,,,,,,,,,,,,,,,,,,,,,,,,,,,,,,,,,,,,,,,,,,,,,,,,,,,,,,,,,,,,,,,,,,,,,,,,,,,,,,,,,,,,,,,,,,,,,,,,,,,,,,,,,,,,,,,,,,,,,,,,,,,,,,,,,,,,,,,,,,,,,,,,,,,,,,,,,,,,,,,,,,,,,,,,-0.5000000000000004,0.8660254037844384,0
2013-12-01,,,,,,,,,,,,,,,,,,,,,,,,,,,,,,,,,,,,,,,,,,,,,,,,,,,,,,,,,,,,,,,,,,,,,,,,,,,,,,,,,,,,,,,,,,,,,,,,,,,,,,,,,,,,,,,,8.95,-0.2,21.0,71.8,-0.2,23.3,3.0,13.0,,,,,,,,,,,,,,,,,,,,,,,,,,,,,,,,,,,,,,,,,,,,,,,,,,,,,,,,,,,,,,,,,,,,,,,,,,,,,,,,,,,,,,,,,,,,,,,,,,,,,,,,,,,,,,,,,,,,,,,,,,,,,,,,,,,,,,,,,,,,,,,,,,,,,,,,,,,,,,,,,,,,,,,,,,,,,,,,,,,,,,,,,,,,,,-2.4492935982947064e-16,1.0,1
2014-01-01,,,,,,,,,,,,,,,,,,,,,,,,,,,,,,,,,,,,,,,,,,,,,,,,,,,,,,,,,,,,,,,,,,,,,,,,,,,,,,,,,,,,,,,,,,,,,,,,,,,,,,,,,,,,,,,,10.671428571428573,-1.8,19.6,76.5,-1.8,9.0,4.0,27.0,,,,,,,,,,,,,,,,,,,,,,,,,,,,,,,,,,,,,,,,,,,,,,,,,,,,,,,,,,,,,,,,,,,,,,,,,,,,,,,,,,,,,,,,,,,,,,,,,,,,,,,,,,,,,,,,,,,,,,,,,,,,,,,,,,,,,,,,,,,,,,,,,,,,,,,,,,,,,,,,,,,,,,,,,,,,,,,,,,,,,,,,,,,,,,0.49999999999999994,0.8660254037844387,1
2014-02-01,,,,,,,,,,,,,,,,,,,,,,,,,,,,,,,,,,,,,,,,,,,,,,,,,,,,,,,,,,,,,,,,,,,,,,,,,,,,,,,,,,,,,,,,,,,,,,,,,,,,,,,,,,,,,,,,12.971428571428572,-1.7,20.2,92.5,-1.7,19.4,2.0,27.0,,,,,,,,,,,,,,,,,,,,,,,,,,,,,,,,,,,,,,,,,,,,,,,,,,,,,,,,,,,,,,,,,,,,,,,,,,,,,,,,,,,,,,,,,,,,,,,,,,,,,,,,,,,,,,,,,,,,,,,,,,,,,,,,,,,,,,,,,,,,,,,,,,,,,,,,,,,,,,,,,,,,,,,,,,,,,,,,,,,,,,,,,,,,,,0.8660254037844386,0.5000000000000001,1
2014-03-01,,,,,,,,,,,,,,,,,,,,,,,,,,,,,,,,,,,,,,,,,,,,,,,,,,,,,,,,,,,,,,,,,,,,,,,,,,,,,,,,,,,,,,,,,,,,,,,,,,,,,,,,,,,,,,,,2.6153846153846154,-4.5,20.8,96.7,-28.7,49.8,13.0,38.0,,,,,,,,,,,,,,,,,,,,,,,,,,,,,,,,,,,,,,,,,,,,,,,,,,,,,,,,,,,,,,,,,,,,,,,,,,,,,,,,,,,,,,,,,,,,,,,,,,,,,,,,,,,,,,,,,,,,,,,,,,,,,,,,,,,,,,,,,,,,,,,,,,,,,,,,,,,,,,,,,,,,,,,,,,,,,,,,,,,,,,,,,,,,,,1.0,6.123233995736766e-17,0
2014-04-01,,,,,,,,,,,,,,,,,,,,,,,,,,,,,,,,,,,,,,,,,,,,,,,,,,,,,,,,,,,,,,,,,,,,,,,,,,,,,,,,,,,,,,,,,,,,,,,,,,,,,,,,,,,,,,,,5.752000000000001,-3.0,21.2,149.89999999999998,-6.1,34.5,9.0,25.0,,,,,,,,,,,,,,,,,,,,,,,,,,,,,,,,,,,,,,,,,,,,,,,,,,,,,,,,,,,,,,,,,,,,,,,,,,,,,,,,,,,,,,,,,,,,,,,,,,,,,,,,,,,,,,,,,,,,,,,,,,,,,,,,,,,,,,,,,,,,,,,,,,,,,,,,,,,,,,,,,,,,,,,,,,,,,,,,,,,,,,,,,,,,,,0.8660254037844387,-0.4999999999999998,0
2014-05-01,,,,,,,,,,,,,,,,,,,,,,,,,,,,,,,,,,,,,,,,,,,,,,,,,,,,,,,,,,,,,,,,,,,,,,,,,,,,,,,,,,,,,,,,,,,,,,,,,,,,,,,,,,,,,,,,10.857692307692307,0.9,22.7,282.30000000000007,0.0,34.2,10.0,23.0,,,,,,,,,,,,,,,,,,,,,,,,,,,,,,,,,,,,,,,,,,,,,,,,,,,,,,,,,,,,,,,,,,,,,,,,,,,,,,,,,,,,,,,,,,,,,,,,,,,,,,,,,,,,,,,,,,,,,,,,,,,,,,,,,,,,,,,,,,,,,,,,,,,,,,,,,,,,,,,,,,,,,,,,,,,,,,,,,,,,,,,,,,,,,,0.49999999999999994,-0.8660254037844387,0
2014-06-01,,,,,,,,,,,,,,,,,,,,,,,,,,,,,,,,,,,,,,,,,,,,,,,,,,,,,,,,,,,,,,,,,,,,,,,,,,,,,,,,,,,,,,,,,,,,,,,,,,,,,,,,,,,,,,,,16.136,2.2,23.1,403.40000000000003,0.0,31.900000000000002,10.0,21.0,,,,,,,,,,,,,,,,,,,,,,,,,,,,,,,,,,,,,,,,,,,,,,,,,,,,,,,,,,,,,,,,,,,,,,,,,,,,,,,,,,,,,,,,,,,,,,,,,,,,,,,,,,,,,,,,,,,,,,,,,,,,,,,,,,,,,,,,,,,,,,,,,,,,,,,,,,,,,,,,,,,,,,,,,,,,,,,,,,,,,,,,,,,,,,1.2246467991473532e-16,-1.0,0
2014-07-01,,,,,,,,,,,,,,,,,,,,,,,,,,,,,,,,,,,,,,,,,,,,,,,,,,,,,,,,,,,,,,,,,,,,,,,,,,,,,,,,,,,,,,,,,,,,,,,,,,,,,,,,,,,,,,,,12.13076923076923,0.8,20.4,315.4,0.0,46.0,15.0,21.0,,,,,,,,,,,,,,,,,,,,,,,,,,,,,,,,,,,,,,,,,,,,,,,,,,,,,,,,,,,,,,,,,,,,,,,,,,,,,,,,,,,,,,,,,,,,,,,,,,,,,,,,,,,,,,,,,,,,,,,,,,,,,,,,,,,,,,,,,,,,,,,,,,,,,,,,,,,,,,,,,,,,,,,,,,,,,,,,,,,,,,,,,,,,,,-0.4999999999999997,-0.8660254037844388,0
2014-08-01,,,,,,,,,,,,,,,,,,,,,,,,,,,,,,,,,,,,,,,,,,,,,,,,,,,,,,,,,,,,,,,,,,,,,,,,,,,,,,,,,,,,,,,,,,,,,,,,,,,,,,,,,,,,,,,,13.984615384615385,-3.0,21.5,366.59999999999997,-3.0,36.2,8.0,20.0,,,,,,,,,,,,,,,,,,,,,,,,,,,,,,,,,,,,,,,,,,,,,,,,,,,,,,,,,,,,,,,,,,,,,,,,,,,,,,,,,,,,,,,,,,,,,,,,,,,,,,,,,,,,,,,,,,,,,,,,,,,,,,,,,,,,,,,,,,,,,,,,,,,,,,,,,,,,,,,,,,,,,,,,,,,,,,,,,,,,,,,,,,,,,,-0.8660254037844384,-0.5000000000000004,0
2014-09-01,,,,,,,,,,,,,,,,,,,,,,,,,,,,,,,,,,,,,,,,,,,,,,,,,,,,,,,,,,,,,,,,,,,,,,,,,,,,,,,,,,,,,,,,,,,,,,,,,,,,,,,,,,,,,,,,6.772,-1.2,23.4,171.4,-2.1,35.300000000000004,8.0,20.0,,,,,,,,,,,,,,,,,,,,,,,,,,,,,,,,,,,,,,,,,,,,,,,,,,,,,,,,,,,,,,,,,,,,,,,,,,,,,,,,,,,,,,,,,,,,,,,,,,,,,,,,,,,,,,,,,,,,,,,,,,,,,,,,,,,,,,,,,,,,,,,,,,,,,,,,,,,,,,,,,,,,,,,,,,,,,,,,,,,,,,,,,,,,,,-1.0,-1.8369701987210297e-16,0
2014-10-01,,,,,,,,,,,,,,,,,,,,,,,,,,,,,,,,,,,,,,,,,,,,,,,,,,,,,,,,,,,,,,,,,,,,,,,,,,,,,,,,,,,,,,,,,,,,,,,,,,,,,,,,,,,,,,,,6.366666666666666,-4.4,22.4,62.9,-5.6000000000000005,2.4,1.0,19.0,,,,,,,,,,,,,,,,,,,,,,,,,,,,,,,,,,,,,,,,,,,,,,,,,,,,,,,,,,,,,,,,,,,,,,,,,,,,,,,,,,,,,,,,,,,,,,,,,,,,,,,,,,,,,,,,,,,,,,,,,,,,,,,,,,,,,,,,,,,,,,,,,,,,,,,,,,,,,,,,,,,,,,,,,,,,,,,,,,,,,,,,,,,,,,-0.8660254037844386,0.5000000000000001,0
2014-11-01,,,,,,,,,,,,,,,,,,,,,,,,,,,,,,,,,,,,,,,,,,,,,,,,,,,,,,,,,,,,,,,,,,,,,,,,,,,,,,,,,,,,,,,,,,,,,,,,,,,,,,,,,,,,,,,,9.128571428571428,-8.0,18.3,71.89999999999999,-8.0,2.1,2.0,19.0,,,,,,,,,,,,,,,,,,,,,,,,,,,,,,,,,,,,,,,,,,,,,,,,,,,,,,,,,,,,,,,,,,,,,,,,,,,,,,,,,,,,,,,,,,,,,,,,,,,,,,,,,,,,,,,,,,,,,,,,,,,,,,,,,,,,,,,,,,,,,,,,,,,,,,,,,,,,,,,,,,,,,,,,,,,,,,,,,,,,,,,,,,,,,,-0.5000000000000004,0.8660254037844384,0
2014-12-01,,,,,,,,,,,,,,,,,,,,,,,,,,,,,,,,,,,,,,,,,,,,,,,,,,,,,,,,,,,,,,,,,,,,,,,,,,,,,,,,,,,,,,,,,,,,,,,,,,,,,,,,,,,,,,,,9.285714285714286,-1.2,20.9,67.39999999999999,-2.4,53.800000000000004,6.0,20.0,,,,,,,,,,,,,,,,,,,,,,,,,,,,,,,,,,,,,,,,,,,,,,,,,,,,,,,,,,,,,,,,,,,,,,,,,,,,,,,,,,,,,,,,,,,,,,,,,,,,,,,,,,,,,,,,,,,,,,,,,,,,,,,,,,,,,,,,,,,,,,,,,,,,,,,,,,,,,,,,,,,,,,,,,,,,,,,,,,,,,,,,,,,,,,-2.4492935982947064e-16,1.0,1
2015-01-01,,,,,,,,,,,,,,,,,,,,,,,,,,,,,,,,,,,,,,,,,,,,,,,,,,,,,,,,,,,,,,,,,,,,,,,,,,,,,,,,,,,,,,,,,,,,,,,,,,,,,,,,,,,,,,,,13.1,0.2,20.8,91.69999999999999,0.0,115.89999999999999,5.0,46.0,,,,,,,,,,,,,,,,,,,,,,,,,,,,,,,,,,,,,,,,,,,,,,,,,,,,,,,,,,,,,,,,,,,,,,,,,,,,,,,,,,,,,,,,,,,,,,,,,,,,,,,,,,,,,,,,,,,,,,,,,,,,,,,,,,,,,,,,,,,,,,,,,,,,,,,,,,,,,,,,,,,,,,,,,,,,,,,,,,,,,,,,,,,,,,0.49999999999999994,0.8660254037844387,1
2015-02-01,,,,,,,,,,,,,,,,,,,,,,,,,,,,,,,,,,,,,,,,,,,,,,,,,,,,,,,,,,,,,,,,,,,,,,,,,,,,,,,,,,,,,,,,,,,,,,,,,,,,,,,,,,,,,,,,11.957142857142857,0.2,22.6,83.69999999999999,0.0,26.5,4.0,43.0,,,,,,,,,,,,,,,,,,,,,,,,,,,,,,,,,,,,,,,,,,,,,,,,,,,,,,,,,,,,,,,,,,,,,,,,,,,,,,,,,,,,,,,,,,,,,,,,,,,,,,,,,,,,,,,,,,,,,,,,,,,,,,,,,,,,,,,,,,,,,,,,,,,,,,,,,,,,,,,,,,,,,,,,,,,,,,,,,,,,,,,,,,,,,,0.8660254037844386,0.5000000000000001,1
2015-03-01,,,,,,,,,,,,,,,,,,,,,,,,,,,,,,,,,,,,,,,,,,,,,,,,,,,,,,,,,,,,,,,,,,,,,,,,,,,,,,,,,,,,,,,,,,,,,,,,,,,,,,,,,,,,,,,,1.36,-16.2,22.9,90.3,-63.1,16.4,6.0,51.0,,,,,,,,,,,,,,,,,,,,,,,,,,,,,,,,,,,,,,,,,,,,,,,,,,,,,,,,,,,,,,,,,,,,,,,,,,,,,,,,,,,,,,,,,,,,,,,,,,,,,,,,,,,,,,,,,,,,,,,,,,,,,,,,,,,,,,,,,,,,,,,,,,,,,,,,,,,,,,,,,,,,,,,,,,,,,,,,,,,,,,,,,,,,,,1.0,6.123233995736766e-17,0
2015-04-01,,,,,,,,,,,,,,,,,,,,,,,,,,,,,,,,,,,,,,,,,,,,,,,,,,,,,,,,,,,,,,,,,,,,,,,,,,,,,,,,,,,,,,,,,,,,,,,,,,,,,,,,,,,,,,,,7.392,2.2,22.2,184.8,0.0,37.1,9.0,39.0,,,,,,,,,,,,,,,,,,,,,,,,,,,,,,,,,,,,,,,,,,,,,,,,,,,,,,,,,,,,,,,,,,,,,,,,,,,,,,,,,,,,,,,,,,,,,,,,,,,,,,,,,,,,,,,,,,,,,,,,,,,,,,,,,,,,,,,,,,,,,,,,,,,,,,,,,,,,,,,,,,,,,,,,,,,,,,,,,,,,,,,,,,,,,,0.8660254037844387,-0.4999999999999998,0
2015-05-01,,,,,,,,,,,,,,,,,,,,,,,,,,,,,,,,,,,,,,,,,,,,,,,,,,,,,,,,,,,,,,,,,,,,,,,,,,,,,,,,,,,,,,,,,,,,,,,,,,,,,,,,,,,,,,,,13.357692307692307,1.3,21.6,347.29999999999995,0.0,29.3,8.0,38.0,,,,,,,,,,,,,,,,,,,,,,,,,,,,,,,,,,,,,,,,,,,,,,,,,,,,,,,,,,,,,,,,,,,,,,,,,,,,,,,,,,,,,,,,,,,,,,,,,,,,,,,,,,,,,,,,,,,,,,,,,,,,,,,,,,,,,,,,,,,,,,,,,,,,,,,,,,,,,,,,,,,,,,,,,,,,,,,,,,,,,,,,,,,,,,0.49999999999999994,-0.8660254037844387,0
2015-06-01,,,,,,,,,,,,,,,,,,,,,,,,,,,,,,,,,,,,,,,,,,,,,,,,,,,,,,,,,,,,,,,,,,,,,,,,,,,,,,,,,,,,,,,,,,,,,,,,,,,,,,,,,,,,,,,,17.84,1.7,25.7,446.0,0.0,28.700000000000003,8.0,37.0,,,,,,,,,,,,,,,,,,,,,,,,,,,,,,,,,,,,,,,,,,,,,,,,,,,,,,,,,,,,,,,,,,,,,,,,,,,,,,,,,,,,,,,,,,,,,,,,,,,,,,,,,,,,,,,,,,,,,,,,,,,,,,,,,,,,,,,,,,,,,,,,,,,,,,,,,,,,,,,,,,,,,,,,,,,,,,,,,,,,,,,,,,,,,,1.2246467991473532e-16,-1.0,0
2015-07-01,,,,,,,,,,,,,,,,,,,,,,,,,,,,,,,,,,,,,,,,,,,,,,,,,,,,,,,,,,,,,,,,,,,,,,,,,,,,,,,,,,,,,,,,,,,,,,,,,,,,,,,,,,,,,,,,15.146153846153847,0.3,21.1,393.80000000000007,0.0,151.70000000000002,15.0,34.0,,,,,,,,,,,,,,,,,,,,,,,,,,,,,,,,,,,,,,,,,,,,,,,,,,,,,,,,,,,,,,,,,,,,,,,,,,,,,,,,,,,,,,,,,,,,,,,,,,,,,,,,,,,,,,,,,,,,,,,,,,,,,,,,,,,,,,,,,,,,,,,,,,,,,,,,,,,,,,,,,,,,,,,,,,,,,,,,,,,,,,,,,,,,,,-0.4999999999999997,-0.8660254037844388,0
2015-08-01,,,,,,,,,,,,,,,,,,,,,,,,,,,,,,,,,,,,,,,,,,,,,,,,,,,,,,,,,,,,,,,,,,,,,,,,,,,,,,,,,,,,,,,,,,,,,,,,,,,,,,,,,,,,,,,,11.576923076923077,2.6,18.4,301.0,0.0,61.1,17.0,33.0,,,,,,,,,,,,,,,,,,,,,,,,,,,,,,,,,,,,,,,,,,,,,,,,,,,,,,,,,,,,,,,,,,,,,,,,,,,,,,,,,,,,,,,,,,,,,,,,,,,,,,,,,,,,,,,,,,,,,,,,,,,,,,,,,,,,,,,,,,,,,,,,,,,,,,,,,,,,,,,,,,,,,,,,,,,,,,,,,,,,,,,,,,,,,,-0.8660254037844384,-0.5000000000000004,0
2015-09-01,,,,,,,,,,,,,,,,,,,,,,,,,,,,,,,,,,,,,,,,,,,,,,,,,,,,,,,,,,,,,,,,,,,,,,,,,,,,,,,,,,,,,,,,,,,,,,,,,,,,,,,,,,,,,,,,8.027999999999999,3.0,19.5,200.7,0.0,35.2,9.0,28.0,,,,,,,,,,,,,,,,,,,,,,,,,,,,,,,,,,,,,,,,,,,,,,,,,,,,,,,,,,,,,,,,,,,,,,,,,,,,,,,,,,,,,,,,,,,,,,,,,,,,,,,,,,,,,,,,,,,,,,,,,,,,,,,,,,,,,,,,,,,,,,,,,,,,,,,,,,,,,,,,,,,,,,,,,,,,,,,,,,,,,,,,,,,,,,-1.0,-1.8369701987210297e-16,0
2015-10-01,,,,,,,,,,,,,,,,,,,,,,,,,,,,,,,,,,,,,,,,,,,,,,,,,,,,,,,,,,,,,,,,,,,,,,,,,,,,,,,,,,,,,,,,,,,,,,,,,,,,,,,,,,,,,,,,0.2576923076923078,-11.6,15.3,68.89999999999999,-62.199999999999996,48.699999999999996,14.0,23.0,,,,,,,,,,,,,,,,,,,,,,,,,,,,,,,,,,,,,,,,,,,,,,,,,,,,,,,,,,,,,,,,,,,,,,,,,,,,,,,,,,,,,,,,,,,,,,,,,,,,,,,,,,,,,,,,,,,,,,,,,,,,,,,,,,,,,,,,,,,,,,,,,,,,,,,,,,,,,,,,,,,,,,,,,,,,,,,,,,,,,,,,,,,,,,-0.8660254037844386,0.5000000000000001,0
2015-11-01,,,,,,,,,,,,,,,,,,,,,,,,,,,,,,,,,,,,,,,,,,,,,,,,,,,,,,,,,,,,,,,,,,,,,,,,,,,,,,,,,,,,,,,,,,,,,,,,,,,,,,,,,,,,,,,,9.928571428571429,1.3,16.3,69.5,0.0,4.6,2.0,13.0,,,,,,,,,,,,,,,,,,,,,,,,,,,,,,,,,,,,,,,,,,,,,,,,,,,,,,,,,,,,,,,,,,,,,,,,,,,,,,,,,,,,,,,,,,,,,,,,,,,,,,,,,,,,,,,,,,,,,,,,,,,,,,,,,,,,,,,,,,,,,,,,,,,,,,,,,,,,,,,,,,,,,,,,,,,,,,,,,,,,,,,,,,,,,,-0.5000000000000004,0.8660254037844384,0
2015-12-01,,,,,,,,,,,,,,,,,,,,,,,,,,,,,,,,,,,,,,,,,,,,,,,,,,,,,,,,,,,,,,,,,,,,,,,,,,,,,,,,,,,,,,,,,,,,,,,,,,,,,,,,,,,,,,,,9.714285714285714,-2.4,18.5,70.4,-2.4,13.0,3.0,6.0,,,,,,,,,,,,,,,,,,,,,,,,,,,,,,,,,,,,,,,,,,,,,,,,,,,,,,,,,,,,,,,,,,,,,,,,,,,,,,,,,,,,,,,,,,,,,,,,,,,,,,,,,,,,,,,,,,,,,,,,,,,,,,,,,,,,,,,,,,,,,,,,,,,,,,,,,,,,,,,,,,,,,,,,,,,,,,,,,,,,,,,,,,,,,,-2.4492935982947064e-16,1.0,1
2016-01-01,,,,,,,,,,,,,,,,,,,,,,,,,,,,,,,,,,,,,,,,,,,,,,,,,,,,,,,,,,,,,,,,,,,,,,,,,,,,,,,,,,,,,,,,,,,,,,,,,,,,,,,,,,,,,,,,7.5375,-5.5,19.7,65.8,-5.5,27.2,2.0,46.0,,,,,,,,,,,,,,,,,,,,,,,,,,,,,,,,,,,,,,,,,,,,,,,,,,,,,,,,,,,,,,,,,,,,,,,,,,,,,,,,,,,,,,,,,,,,,,,,,,,,,,,,,,,,,,,,,,,,,,,,,,,,,,,,,,,,,,,,,,,,,,,,,,,,,,,,,,,,,,,,,,,,,,,,,,,,,,,,,,,,,,,,,,,,,,0.49999999999999994,0.8660254037844387,1
2016-02-01,,,,,,,,,,,,,,,,,,,,,,,,,,,,,,,,,,,,,,,,,,,,,,,,,,,,,,,,,,,,,,,,,,,,,,,,,,,,,,,,,,,,,,,,,,,,,,,,,,,,,,,,,,,,,,,,7.677777777777777,-5.2,18.7,77.30000000000001,-8.2,8.200000000000001,3.0,46.0,,,,,,,,,,,,,,,,,,,,,,,,,,,,,,,,,,,,,,,,,,,,,,,,,,,,,,,,,,,,,,,,,,,,,,,,,,,,,,,,,,,,,,,,,,,,,,,,,,,,,,,,,,,,,,,,,,,,,,,,,,,,,,,,,,,,,,,,,,,,,,,,,,,,,,,,,,,,,,,,,,,,,,,,,,,,,,,,,,,,,,,,,,,,,,0.8660254037844386,0.5000000000000001,1
2016-03-01,,,,,,,,,,,,,,,,,,,,,,,,,,,,,,,,,,,,,,,,,,,,,,,,,,,,,,,,,,,,,,,,,,,,,,,,,,,,,,,,,,,,,,,,,,,,,,,,,,,,,,,,,,,,,,,,0.5892857142857143,-15.7,20.7,103.19999999999999,-86.69999999999999,26.4,12.0,58.0,,,,,,,,,,,,,,,,,,,,,,,,,,,,,,,,,,,,,,,,,,,,,,,,,,,,,,,,,,,,,,,,,,,,,,,,,,,,,,,,,,,,,,,,,,,,,,,,,,,,,,,,,,,,,,,,,,,,,,,,,,,,,,,,,,,,,,,,,,,,,,,,,,,,,,,,,,,,,,,,,,,,,,,,,,,,,,,,,,,,,,,,,,,,,,1.0,6.123233995736766e-17,0
2016-04-01,,,,,,,,,,,,,,,,,,,,,,,,,,,,,,,,,,,,,,,,,,,,,,,,,,,,,,,,,,,,,,,,,,,,,,,,,,,,,,,,,,,,,,,,,,,,,,,,,,,,,,,,,,,,,,,,9.95,-4.8,22.4,263.5,-4.8,28.4,9.0,52.0,,,,,,,,,,,,,,,,,,,,,,,,,,,,,,,,,,,,,,,,,,,,,,,,,,,,,,,,,,,,,,,,,,,,,,,,,,,,,,,,,,,,,,,,,,,,,,,,,,,,,,,,,,,,,,,,,,,,,,,,,,,,,,,,,,,,,,,,,,,,,,,,,,,,,,,,,,,,,,,,,,,,,,,,,,,,,,,,,,,,,,,,,,,,,,0.8660254037844387,-0.4999999999999998,0
2016-05-01,,,,,,,,,,,,,,,,,,,,,,,,,,,,,,,,,,,,,,,,,,,,,,,,,,,,,,,,,,,,,,,,,,,,,,,,,,,,,,,,,,,,,,,,,,,,,,,,,,,,,,,,,,,,,,,,13.166666666666666,-9.2,24.0,364.7,-9.2,31.0,7.0,52.0,,,,,,,,,,,,,,,,,,,,,,,,,,,,,,,,,,,,,,,,,,,,,,,,,,,,,,,,,,,,,,,,,,,,,,,,,,,,,,,,,,,,,,,,,,,,,,,,,,,,,,,,,,,,,,,,,,,,,,,,,,,,,,,,,,,,,,,,,,,,,,,,,,,,,,,,,,,,,,,,,,,,,,,,,,,,,,,,,,,,,,,,,,,,,,0.49999999999999994,-0.8660254037844387,0
2016-06-01,,,,,,,,,,,,,,,,,,,,,,,,,,,,,,,,,,,,,,,,,,,,,,,,,,,,,,,,,,,,,,,,,,,,,,,,,,,,,,,,,,,,,,,,,,,,,,,,,,,,,,,,,,,,,,,,15.46923076923077,-9.4,22.4,411.59999999999997,-9.4,143.4,16.0,52.0,,,,,,,,,,,,,,,,,,,,,,,,,,,,,,,,,,,,,,,,,,,,,,,,,,,,,,,,,,,,,,,,,,,,,,,,,,,,,,,,,,,,,,,,,,,,,,,,,,,,,,,,,,,,,,,,,,,,,,,,,,,,,,,,,,,,,,,,,,,,,,,,,,,,,,,,,,,,,,,,,,,,,,,,,,,,,,,,,,,,,,,,,,,,,,1.2246467991473532e-16,-1.0,0
2016-07-01,,,,,,,,,,,,,,,,,,,,,,,,,,,,,,,,,,,,,,,,,,,,,,,,,,,,,,,,,,,,,,,,,,,,,,,,,,,,,,,,,,,,,,,,,,,,,,,,,,,,,,,,,,,,,,,,16.614814814814817,-7.4,22.8,456.00000000000006,-7.4,53.2,9.0,54.0,,,,,,,,,,,,,,,,,,,,,,,,,,,,,,,,,,,,,,,,,,,,,,,,,,,,,,,,,,,,,,,,,,,,,,,,,,,,,,,,,,,,,,,,,,,,,,,,,,,,,,,,,,,,,,,,,,,,,,,,,,,,,,,,,,,,,,,,,,,,,,,,,,,,,,,,,,,,,,,,,,,,,,,,,,,,,,,,,,,,,,,,,,,,,,-0.4999999999999997,-0.8660254037844388,0
2016-08-01,,,,,,,,,,,,,,,,,,,,,,,,,,,,,,,,,,,,,,,,,,,,,,,,,,,,,,,,,,,,,,,,,,,,,,,,,,,,,,,,,,,,,,,,,,,,,,,,,,,,,,,,,,,,,,,,15.84074074074074,-6.6,24.5,434.3,-6.6,49.4,11.0,52.0,,,,,,,,,,,,,,,,,,,,,,,,,,,,,,,,,,,,,,,,,,,,,,,,,,,,,,,,,,,,,,,,,,,,,,,,,,,,,,,,,,,,,,,,,,,,,,,,,,,,,,,,,,,,,,,,,,,,,,,,,,,,,,,,,,,,,,,,,,,,,,,,,,,,,,,,,,,,,,,,,,,,,,,,,,,,,,,,,,,,,,,,,,,,,,-0.8660254037844384,-0.5000000000000004,0
2016-09-01,,,,,,,,,,,,,,,,,,,,,,,,,,,,,,,,,,,,,,,,,,,,,,,,,,,,,,,,,,,,,,,,,,,,,,,,,,,,,,,,,,,,,,,,,,,,,,,,,,,,,,,,,,,,,,,,10.426923076923078,-7.1,22.4,278.2,-7.1,29.8,11.0,52.0,,,,,,,,,,,,,,,,,,,,,,,,,,,,,,,,,,,,,,,,,,,,,,,,,,,,,,,,,,,,,,,,,,,,,,,,,,,,,,,,,,,,,,,,,,,,,,,,,,,,,,,,,,,,,,,,,,,,,,,,,,,,,,,,,,,,,,,,,,,,,,,,,,,,,,,,,,,,,,,,,,,,,,,,,,,,,,,,,,,,,,,,,,,,,,-1.0,-1.8369701987210297e-16,0
2016-10-01,,,,,,,,,,,,,,,,,,,,,,,,,,,,,,,,,,,,,,,,,,,,,,,,,,,,,,,,,,,,,,,,,,,,,,,,,,,,,,,,,,,,,,,,,,,,,,,,,,,,,,,,,,,,,,,,7.74,-7.6,23.6,87.6,-10.2,24.4,7.0,52.0,,,,,,,,,,,,,,,,,,,,,,,,,,,,,,,,,,,,,,,,,,,,,,,,,,,,,,,,,,,,,,,,,,,,,,,,,,,,,,,,,,,,,,,,,,,,,,,,,,,,,,,,,,,,,,,,,,,,,,,,,,,,,,,,,,,,,,,,,,,,,,,,,,,,,,,,,,,,,,,,,,,,,,,,,,,,,,,,,,,,,,,,,,,,,,-0.8660254037844386,0.5000000000000001,0
2016-11-01,,,,,,,,,,,,,,,,,,,,,,,,,,,,,,,,,,,,,,,,,,,,,,,,,,,,,,,,,,,,,,,,,,,,,,,,,,,,,,,,,,,,,,,,,,,,,,,,,,,,,,,,,,,,,,,,10.1125,-5.4,22.3,86.3,-5.4,4.1,3.0,52.0,,,,,,,,,,,,,,,,,,,,,,,,,,,,,,,,,,,,,,,,,,,,,,,,,,,,,,,,,,,,,,,,,,,,,,,,,,,,,,,,,,,,,,,,,,,,,,,,,,,,,,,,,,,,,,,,,,,,,,,,,,,,,,,,,,,,,,,,,,,,,,,,,,,,,,,,,,,,,,,,,,,,,,,,,,,,,,,,,,,,,,,,,,,,,,-0.5000000000000004,0.8660254037844384,0
2016-12-01,,,,,,,,,,,,,,,,,,,,,,,,,,,,,,,,,,,,,,,,,,,,,,,,,,,,,,,,,,,,,,,,,,,,,,,,,,,,,,,,,,,,,,,,,,,,,,,,,,,,,,,,,,,,,,,,10.0875,-5.0,23.1,85.7,-5.0,13.1,3.0,51.0,,,,,,,,,,,,,,,,,,,,,,,,,,,,,,,,,,,,,,,,,,,,,,,,,,,,,,,,,,,,,,,,,,,,,,,,,,,,,,,,,,,,,,,,,,,,,,,,,,,,,,,,,,,,,,,,,,,,,,,,,,,,,,,,,,,,,,,,,,,,,,,,,,,,,,,,,,,,,,,,,,,,,,,,,,,,,,,,,,,,,,,,,,,,,,-2.4492935982947064e-16,1.0,1
2017-01-01,,,,,,,,,,,,,,,,,,,,,,,,,,,,,,,,,,,,,,,,,,,,,,,,,,,,,,,,,,,,,,,,,,,,,,,,,,,,,,,,,,,,,,,,,,,,,,,,,,,,,,,,,,,,,,,,8.15,-4.2,22.7,70.7,-5.5,1.3,3.0,45.0,,,,,,,,,,,,,,,,,,,,,,,,,,,,,,,,,,,,,,,,,,,,,,,,,,,,,,,,,,,,,,,,,,,,,,,,,,,,,,,,,,,,,,,,,,,,,,,,,,,,,,,,,,,,,,,,,,,,,,,,,,,,,,,,,,,,,,,,,,,,,,,,,,,,,,,,,,,,,,,,,,,,,,,,,,,,,,,,,,,,,,,,,,,,,,0.49999999999999994,0.8660254037844387,1
2017-02-01,,,,,,,,,,,,,,,,,,,,,,,,,,,,,,,,,,,,,,,,,,,,,,,,,,,,,,,,,,,,,,,,,,,,,,,,,,,,,,,,,,,,,,,,,,,,,,,,,,,,,,,,,,,,,,,,10.0375,-3.0,20.5,84.39999999999999,-4.1,1.7000000000000002,2.0,45.0,,,,,,,,,,,,,,,,,,,,,,,,,,,,,,,,,,,,,,,,,,,,,,,,,,,,,,,,,,,,,,,,,,,,,,,,,,,,,,,,,,,,,,,,,,,,,,,,,,,,,,,,,,,,,,,,,,,,,,,,,,,,,,,,,,,,,,,,,,,,,,,,,,,,,,,,,,,,,,,,,,,,,,,,,,,,,,,,,,,,,,,,,,,,,,0.8660254037844386,0.5000000000000001,1
2017-03-01,,,,,,,,,,,,,,,,,,,,,,,,,,,,,,,,,,,,,,,,,,,,,,,,,,,,,,,,,,,,,,,,,,,,,,,,,,,,,,,,,,,,,,,,,,,,,,,,,,,,,,,,,,,,,,,,7.281818181818182,-3.9,22.0,88.60000000000001,-8.5,33.5,8.0,44.0,,,,,,,,,,,,,,,,,,,,,,,,,,,,,,,,,,,,,,,,,,,,,,,,,,,,,,,,,,,,,,,,,,,,,,,,,,,,,,,,,,,,,,,,,,,,,,,,,,,,,,,,,,,,,,,,,,,,,,,,,,,,,,,,,,,,,,,,,,,,,,,,,,,,,,,,,,,,,,,,,,,,,,,,,,,,,,,,,,,,,,,,,,,,,,1.0,6.123233995736766e-17,0
2017-04-01,,,,,,,,,,,,,,,,,,,,,,,,,,,,,,,,,,,,,,,,,,,,,,,,,,,,,,,,,,,,,,,,,,,,,,,,,,,,,,,,,,,,,,,,,,,,,,,,,,,,,,,,,,,,,,,,6.561538461538461,-6.7,18.8,182.10000000000002,-11.5,38.3,15.0,46.0,,,,,,,,,,,,,,,,,,,,,,,,,,,,,,,,,,,,,,,,,,,,,,,,,,,,,,,,,,,,,,,,,,,,,,,,,,,,,,,,,,,,,,,,,,,,,,,,,,,,,,,,,,,,,,,,,,,,,,,,,,,,,,,,,,,,,,,,,,,,,,,,,,,,,,,,,,,,,,,,,,,,,,,,,,,,,,,,,,,,,,,,,,,,,,0.8660254037844387,-0.4999999999999998,0
2017-05-01,,,,,,,,,,,,,,,,,,,,,,,,,,,,,,,,,,,,,,,,,,,,,,,,,,,,,,,,,,,,,,,,,,,,,,,,,,,,,,,,,,,,,,,,,,,,,,,,,,,,,,,,,,,,,,,,8.45185185185185,-1.9,19.2,231.3,-3.0999999999999996,27.400000000000002,12.0,46.0,,,,,,,,,,,,,,,,,,,,,,,,,,,,,,,,,,,,,,,,,,,,,,,,,,,,,,,,,,,,,,,,,,,,,,,,,,,,,,,,,,,,,,,,,,,,,,,,,,,,,,,,,,,,,,,,,,,,,,,,,,,,,,,,,,,,,,,,,,,,,,,,,,,,,,,,,,,,,,,,,,,,,,,,,,,,,,,,,,,,,,,,,,,,,,0.49999999999999994,-0.8660254037844387,0
2017-06-01,,,,,,,,,,,,,,,,,,,,,,,,,,,,,,,,,,,,,,,,,,,,,,,,,,,,,,,,,,,,,,,,,,,,,,,,,,,,,,,,,,,,,,,,,,,,,,,,,,,,,,,,,,,,,,,,16.152,0.4,23.7,403.79999999999995,0.0,102.5,12.0,42.0,,,,,,,,,,,,,,,,,,,,,,,,,,,,,,,,,,,,,,,,,,,,,,,,,,,,,,,,,,,,,,,,,,,,,,,,,,,,,,,,,,,,,,,,,,,,,,,,,,,,,,,,,,,,,,,,,,,,,,,,,,,,,,,,,,,,,,,,,,,,,,,,,,,,,,,,,,,,,,,,,,,,,,,,,,,,,,,,,,,,,,,,,,,,,,1.2246467991473532e-16,-1.0,0
2017-07-01,,,,,,,,,,,,,,,,,,,,,,,,,,,,,,,,,,,,,,,,,,,,,,,,,,,,,,,,,,,,,,,,,,,,,,,,,,,,,,,,,,,,,,,,,,,,,,,,,,,,,,,,,,,,,,,,16.323076923076925,5.3,20.6,424.4,0.0,52.4,14.0,36.0,,,,,,,,,,,,,,,,,,,,,,,,,,,,,,,,,,,,,,,,,,,,,,,,,,,,,,,,,,,,,,,,,,,,,,,,,,,,,,,,,,,,,,,,,,,,,,,,,,,,,,,,,,,,,,,,,,,,,,,,,,,,,,,,,,,,,,,,,,,,,,,,,,,,,,,,,,,,,,,,,,,,,,,,,,,,,,,,,,,,,,,,,,,,,,-0.4999999999999997,-0.8660254037844388,0
2017-08-01,,,,,,,,,,,,,,,,,,,,,,,,,,,,,,,,,,,,,,,,,,,,,,,,,,,,,,,,,,,,,,,,,,,,,,,,,,,,,,,,,,,,,,,,,,,,,,,,,,,,,,,,,,,,,,,,15.01923076923077,3.1,21.4,390.5,0.0,37.5,8.0,29.0,,,,,,,,,,,,,,,,,,,,,,,,,,,,,,,,,,,,,,,,,,,,,,,,,,,,,,,,,,,,,,,,,,,,,,,,,,,,,,,,,,,,,,,,,,,,,,,,,,,,,,,,,,,,,,,,,,,,,,,,,,,,,,,,,,,,,,,,,,,,,,,,,,,,,,,,,,,,,,,,,,,,,,,,,,,,,,,,,,,,,,,,,,,,,,-0.8660254037844384,-0.5000000000000004,0
2017-09-01,,,,,,,,,,,,,,,,,,,,,,,,,,,,,,,,,,,,,,,,,,,,,,,,,,,,,,,,,,,,,,,,,,,,,,,,,,,,,,,,,,,,,,,,,,,,,,,,,,,,,,,,,,,,,,,,7.584,0.8,18.3,189.6,0.0,20.1,8.0,25.0,,,,,,,,,,,,,,,,,,,,,,,,,,,,,,,,,,,,,,,,,,,,,,,,,,,,,,,,,,,,,,,,,,,,,,,,,,,,,,,,,,,,,,,,,,,,,,,,,,,,,,,,,,,,,,,,,,,,,,,,,,,,,,,,,,,,,,,,,,,,,,,,,,,,,,,,,,,,,,,,,,,,,,,,,,,,,,,,,,,,,,,,,,,,,,-1.0,-1.8369701987210297e-16,0
2017-10-01,,,,,,,,,,,,,,,,,,,,,,,,,,,,,,,,,,,,,,,,,,,,,,,,,,,,,,,,,,,,,,,,,,,,,,,,,,,,,,,,,,,,,,,,,,,,,,,,,,,,,,,,,,,,,,,,2.4423076923076925,-8.9,18.8,92.1,-28.599999999999998,61.7,13.0,16.0,,,,,,,,,,,,,,,,,,,,,,,,,,,,,,,,,,,,,,,,,,,,,,,,,,,,,,,,,,,,,,,,,,,,,,,,,,,,,,,,,,,,,,,,,,,,,,,,,,,,,,,,,,,,,,,,,,,,,,,,,,,,,,,,,,,,,,,,,,,,,,,,,,,,,,,,,,,,,,,,,,,,,,,,,,,,,,,,,,,,,,,,,,,,,,-0.8660254037844386,0.5000000000000001,0
2017-11-01,,,,,,,,,,,,,,,,,,,,,,,,,,,,,,,,,,,,,,,,,,,,,,,,,,,,,,,,,,,,,,,,,,,,,,,,,,,,,,,,,,,,,,,,,,,,,,,,,,,,,,,,,,,,,,,,9.714285714285714,4.8,17.1,68.0,0.0,24.4,2.0,9.0,,,,,,,,,,,,,,,,,,,,,,,,,,,,,,,,,,,,,,,,,,,,,,,,,,,,,,,,,,,,,,,,,,,,,,,,,,,,,,,,,,,,,,,,,,,,,,,,,,,,,,,,,,,,,,,,,,,,,,,,,,,,,,,,,,,,,,,,,,,,,,,,,,,,,,,,,,,,,,,,,,,,,,,,,,,,,,,,,,,,,,,,,,,,,,-0.5000000000000004,0.8660254037844384,0
2017-12-01,,,,,,,,,,,,,,,,,,,,,,,,,,,,,,,,,,,,,,,,,,,,,,,,,,,,,,,,,,,,,,,,,,,,,,,,,,,,,,,,,,,,,,,,,,,,,,,,,,,,,,,,,,,,,,,,10.799999999999999,5.0,16.9,75.6,0.0,4.8,2.0,8.0,,,,,,,,,,,,,,,,,,,,,,,,,,,,,,,,,,,,,,,,,,,,,,,,,,,,,,,,,,,,,,,,,,,,,,,,,,,,,,,,,,,,,,,,,,,,,,,,,,,,,,,,,,,,,,,,,,,,,,,,,,,,,,,,,,,,,,,,,,,,,,,,,,,,,,,,,,,,,,,,,,,,,,,,,,,,,,,,,,,,,,,,,,,,,,-2.4492935982947064e-16,1.0,1
2018-01-01,,,,,,,,,,,,,,,,,,,,,,,,,,,,,,,,,,,,,,,,,,,,,,,,,,,,,,,,,,,,,,,,,,,,,,,,,,,,,,,,,,,,,,,,,,,,,,,,,,,,,,,,,,,,,,,,10.016666666666667,1.4,21.1,60.1,0.0,14.3,2.0,,,,,,,,,,,,,,,,,,,,,,,,,,,,,,,,,,,,,,,,,,,,,,,,,,,,,,,,,,,,,,,,,,,,,,,,,,,,,,,,,,,,,,,,,,,,,,,,,,,,,,,,,,,,,,,,,,,,,,,,,,,,,,,,,,,,,,,,,,,,,,,,,,,,,,,,,,,,,,,,,,,,,,,,,,,,,,,,,,,,,,,,,,,,,,,0.49999999999999994,0.8660254037844387,1
2018-02-01,,,,,,,,,,,,,,,,,,,,,,,,,,,,,,,,,,,,,,,,,,,,,,,,,,,,,,,,,,,,,,,,,,,,,,,,,,,,,,,,,,,,,,,,,,,,,,,,,,,,,,,,,,,,,,,,10.033333333333333,3.2,20.4,60.199999999999996,0.0,0.0,0.0,,,,,,,,,,,,,,,,,,,,,,,,,,,,,,,,,,,,,,,,,,,,,,,,,,,,,,,,,,,,,,,,,,,,,,,,,,,,,,,,,,,,,,,,,,,,,,,,,,,,,,,,,,,,,,,,,,,,,,,,,,,,,,,,,,,,,,,,,,,,,,,,,,,,,,,,,,,,,,,,,,,,,,,,,,,,,,,,,,,,,,,,,,,,,,,0.8660254037844386,0.5000000000000001,1
2018-03-01,,,,,,,,,,,,,,,,,,,,,,,,,,,,,,,,,,,,,,,,,,,,,,,,,,,,,,,,,,,,,,,,,,,,,,,,,,,,,,,,,,,,,,,,,,,,,,,,,,,,,,,,,,,,,,,,10.883333333333333,7.0,16.3,65.3,0.0,1.3,1.0,,,,,,,,,,,,,,,,,,,,,,,,,,,,,,,,,,,,,,,,,,,,,,,,,,,,,,,,,,,,,,,,,,,,,,,,,,,,,,,,,,,,,,,,,,,,,,,,,,,,,,,,,,,,,,,,,,,,,,,,,,,,,,,,,,,,,,,,,,,,,,,,,,,,,,,,,,,,,,,,,,,,,,,,,,,,,,,,,,,,,,,,,,,,,,,1.0,6.123233995736766e-17,0
2018-04-01,,,,,,,,,,,,,,,,,,,,,,,,,,,,,,,,,,,,,,,,,,,,,,,,,,,,,,,,,,,,,,,,,,,,,,,,,,,,,,,,,,,,,,,,,,,,,,,,,,,,,,,,,,,,,,,,4.2,-5.2,18.8,117.60000000000002,-12.600000000000003,39.7,10.0,16.0,,,,,,,,,,,,,,,,,,,,,,,,,,,,,,,,,,,,,,,,,,,,,,,,,,,,,,,,,,,,,,,,,,,,,,,,,,,,,,,,,,,,,,,,,,,,,,,,,,,,,,,,,,,,,,,,,,,,,,,,,,,,,,,,,,,,,,,,,,,,,,,,,,,,,,,,,,,,,,,,,,,,,,,,,,,,,,,,,,,,,,,,,,,,,,0.8660254037844387,-0.4999999999999998,0
2018-05-01,,,,,,,,,,,,,,,,,,,,,,,,,,,,,,,,,,,,,,,,,,,,,,,,,,,,,,,,,,,,,,,,,,,,,,,,,,,,,,,,,,,,,,,,,,,,,,,,,,,,,,,,,,,,,,,,9.248,0.1,21.6,231.2,0.0,16.2,7.0,1.0,,,,,,,,,,,,,,,,,,,,,,,,,,,,,,,,,,,,,,,,,,,,,,,,,,,,,,,,,,,,,,,,,,,,,,,,,,,,,,,,,,,,,,,,,,,,,,,,,,,,,,,,,,,,,,,,,,,,,,,,,,,,,,,,,,,,,,,,,,,,,,,,,,,,,,,,,,,,,,,,,,,,,,,,,,,,,,,,,,,,,,,,,,,,,,0.49999999999999994,-0.8660254037844387,0
2018-06-01,,,,,,,,,,,,,,,,,,,,,,,,,,,,,,,,,,,,,,,,,,,,,,,,,,,,,,,,,,,,,,,,,,,,,,,,,,,,,,,,,,,,,,,,,,,,,,,,,,,,,,,,,,,,,,,,15.6625,5.4,24.4,375.9,0.0,89.60000000000001,16.0,,,,,,,,,,,,,,,,,,,,,,,,,,,,,,,,,,,,,,,,,,,,,,,,,,,,,,,,,,,,,,,,,,,,,,,,,,,,,,,,,,,,,,,,,,,,,,,,,,,,,,,,,,,,,,,,,,,,,,,,,,,,,,,,,,,,,,,,,,,,,,,,,,,,,,,,,,,,,,,,,,,,,,,,,,,,,,,,,,,,,,,,,,,,,,,1.2246467991473532e-16,-1.0,0
2018-07-01,,,,,,,,,,,,,,,,,,,,,,,,,,,,,,,,,,,,,,,,,,,,,,,,,,,,,,,,,,,,,,,,,,,,,,,,,,,,,,,,,,,,,,,,,,,,,,,,,,,,,,,,,,,,,,,,17.911538461538463,2.0,23.0,465.7,0.0,42.199999999999996,10.0,34.0,,,,,,,,,,,,,,,,,,,,,,,,,,,,,,,,,,,,,,,,,,,,,,,,,,,,,,,,,,,,,,,,,,,,,,,,,,,,,,,,,,,,,,,,,,,,,,,,,,,,,,,,,,,,,,,,,,,,,,,,,,,,,,,,,,,,,,,,,,,,,,,,,,,,,,,,,,,,,,,,,,,,,,,,,,,,,,,,,,,,,,,,,,,,,,-0.4999999999999997,-0.8660254037844388,0
2018-08-01,,,,,,,,,,,,,,,,,,,,,,,,,,,,,,,,,,,,,,,,,,,,,,,,,,,,,,,,,,,,,,,,,,,,,,,,,,,,,,,,,,,,,,,,,,,,,,,,,,,,,,,,,,,,,,,,13.650000000000002,1.5,23.6,354.9,0.0,66.3,14.0,27.0,,,,,,,,,,,,,,,,,,,,,,,,,,,,,,,,,,,,,,,,,,,,,,,,,,,,,,,,,,,,,,,,,,,,,,,,,,,,,,,,,,,,,,,,,,,,,,,,,,,,,,,,,,,,,,,,,,,,,,,,,,,,,,,,,,,,,,,,,,,,,,,,,,,,,,,,,,,,,,,,,,,,,,,,,,,,,,,,,,,,,,,,,,,,,,-0.8660254037844384,-0.5000000000000004,0
2018-09-01,,,,,,,,,,,,,,,,,,,,,,,,,,,,,,,,,,,,,,,,,,,,,,,,,,,,,,,,,,,,,,,,,,,,,,,,,,,,,,,,,,,,,,,,,,,,,,,,,,,,,,,,,,,,,,,,11.48,2.0,22.4,287.0,0.0,46.3,11.0,23.0,,,,,,,,,,,,,,,,,,,,,,,,,,,,,,,,,,,,,,,,,,,,,,,,,,,,,,,,,,,,,,,,,,,,,,,,,,,,,,,,,,,,,,,,,,,,,,,,,,,,,,,,,,,,,,,,,,,,,,,,,,,,,,,,,,,,,,,,,,,,,,,,,,,,,,,,,,,,,,,,,,,,,,,,,,,,,,,,,,,,,,,,,,,,,,-1.0,-1.8369701987210297e-16,0
2018-10-01,,,,,,,,,,,,,,,,,,,,,,,,,,,,,,,,,,,,,,,,,,,,,,,,,,,,,,,,,,,,,,,,,,,,,,,,,,,,,,,,,,,,,,,,,,,,,,,,,,,,,,,,,,,,,,,,3.548148148148148,-5.7,23.1,111.7,-15.899999999999999,40.6,18.0,22.0,,,,,,,,,,,,,,,,,,,,,,,,,,,,,,,,,,,,,,,,,,,,,,,,,,,,,,,,,,,,,,,,,,,,,,,,,,,,,,,,,,,,,,,,,,,,,,,,,,,,,,,,,,,,,,,,,,,,,,,,,,,,,,,,,,,,,,,,,,,,,,,,,,,,,,,,,,,,,,,,,,,,,,,,,,,,,,,,,,,,,,,,,,,,,,-0.8660254037844386,0.5000000000000001,0
2018-11-01,,,,,,,,,,,,,,,,,,,,,,,,,,,,,,,,,,,,,,,,,,,,,,,,,,,,,,,,,,,,,,,,,,,,,,,,,,,,,,,,,,,,,,,,,,,,,,,,,,,,,,,,,,,,,,,,9.700000000000001,3.6,21.8,67.9,0.0,30.6,3.0,21.0,,,,,,,,,,,,,,,,,,,,,,,,,,,,,,,,,,,,,,,,,,,,,,,,,,,,,,,,,,,,,,,,,,,,,,,,,,,,,,,,,,,,,,,,,,,,,,,,,,,,,,,,,,,,,,,,,,,,,,,,,,,,,,,,,,,,,,,,,,,,,,,,,,,,,,,,,,,,,,,,,,,,,,,,,,,,,,,,,,,,,,,,,,,,,,-0.5000000000000004,0.8660254037844384,0
2018-12-01,,,,,,,,,,,,,,,,,,,,,,,,,,,,,,,,,,,,,,,,,,,,,,,,,,,,,,,,,,,,,,,,,,,,,,,,,,,,,,,,,,,,,,,,,,,,,,,,,,,,,,,,,,,,,,,,8.7,-1.7,22.5,62.6,-1.7,13.2,4.0,17.0,,,,,,,,,,,,,,,,,,,,,,,,,,,,,,,,,,,,,,,,,,,,,,,,,,,,,,,,,,,,,,,,,,,,,,,,,,,,,,,,,,,,,,,,,,,,,,,,,,,,,,,,,,,,,,,,,,,,,,,,,,,,,,,,,,,,,,,,,,,,,,,,,,,,,,,,,,,,,,,,,,,,,,,,,,,,,,,,,,,,,,,,,,,,,,-2.4492935982947064e-16,1.0,1
2019-01-01,,,,,,,,,,,,,,,,,,,,,,,,,,,,,,,,,,,,,,,,,,,,,,,,,,,,,,,,,,,,,,,,,,,,,,,,,,,,,,,,,,,,,,,,,,,,,,,,,,,,,,,,,,,,,,,,10.071428571428571,0.7,20.1,70.5,0.0,7.699999999999999,3.0,17.0,,,,,,,,,,,,,,,,,,,,,,,,,,,,,,,,,,,,,,,,,,,,,,,,,,,,,,,,,,,,,,,,,,,,,,,,,,,,,,,,,,,,,,,,,,,,,,,,,,,,,,,,,,,,,,,,,,,,,,,,,,,,,,,,,,,,,,,,,,,,,,,,,,,,,,,,,,,,,,,,,,,,,,,,,,,,,,,,,,,,,,,,,,,,,,0.49999999999999994,0.8660254037844387,1
2019-02-01,,,,,,,,,,,,,,,,,,,,,,,,,,,,,,,,,,,,,,,,,,,,,,,,,,,,,,,,,,,,,,,,,,,,,,,,,,,,,,,,,,,,,,,,,,,,,,,,,,,,,,,,,,,,,,,,11.528571428571428,2.4,20.6,80.7,0.0,18.8,3.0,12.0,,,,,,,,,,,,,,,,,,,,,,,,,,,,,,,,,,,,,,,,,,,,,,,,,,,,,,,,,,,,,,,,,,,,,,,,,,,,,,,,,,,,,,,,,,,,,,,,,,,,,,,,,,,,,,,,,,,,,,,,,,,,,,,,,,,,,,,,,,,,,,,,,,,,,,,,,,,,,,,,,,,,,,,,,,,,,,,,,,,,,,,,,,,,,,0.8660254037844386,0.5000000000000001,1
2019-03-01,,,,,,,,,,,,,,,,,,,,,,,,,,,,,,,,,,,,,,,,,,,,,,,,,,,,,,,,,,,,,,,,,,,,,,,,,,,,,,,,,,,,,,,,,,,,,,,,,,,,,,,,,,,,,,,,7.0,0.8,16.6,91.00000000000001,0.0,13.2,8.0,22.0,,,,,,,,,,,,,,,,,,,,,,,,,,,,,,,,,,,,,,,,,,,,,,,,,,,,,,,,,,,,,,,,,,,,,,,,,,,,,,,,,,,,,,,,,,,,,,,,,,,,,,,,,,,,,,,,,,,,,,,,,,,,,,,,,,,,,,,,,,,,,,,,,,,,,,,,,,,,,,,,,,,,,,,,,,,,,,,,,,,,,,,,,,,,,,1.0,6.123233995736766e-17,0
2019-04-01,,,,,,,,,,,,,,,,,,,,,,,,,,,,,,,,,,,,,,,,,,,,,,,,,,,,,,,,,,,,,,,,,,,,,,,,,,,,,,,,,,,,,,,,,,,,,,,,,,,,,,,,,,,,,,,,3.708,-9.1,17.7,122.5,-29.800000000000004,35.699999999999996,12.0,13.0,,,,,,,,,,,,,,,,,,,,,,,,,,,,,,,,,,,,,,,,,,,,,,,,,,,,,,,,,,,,,,,,,,,,,,,,,,,,,,,,,,,,,,,,,,,,,,,,,,,,,,,,,,,,,,,,,,,,,,,,,,,,,,,,,,,,,,,,,,,,,,,,,,,,,,,,,,,,,,,,,,,,,,,,,,,,,,,,,,,,,,,,,,,,,,0.8660254037844387,-0.4999999999999998,0
2019-05-01,,,,,,,,,,,,,,,,,,,,,,,,,,,,,,,,,,,,,,,,,,,,,,,,,,,,,,,,,,,,,,,,,,,,,,,,,,,,,,,,,,,,,,,,,,,,,,,,,,,,,,,,,,,,,,,,11.03076923076923,3.4,19.2,286.8,0.0,24.8,11.0,1.0,,,,,,,,,,,,,,,,,,,,,,,,,,,,,,,,,,,,,,,,,,,,,,,,,,,,,,,,,,,,,,,,,,,,,,,,,,,,,,,,,,,,,,,,,,,,,,,,,,,,,,,,,,,,,,,,,,,,,,,,,,,,,,,,,,,,,,,,,,,,,,,,,,,,,,,,,,,,,,,,,,,,,,,,,,,,,,,,,,,,,,,,,,,,,,0.49999999999999994,-0.8660254037844387,0
2019-06-01,,,,,,,,,,,,,,,,,,,,,,,,,,,,,,,,,,,,,,,,,,,,,,,,,,,,,,,,,,,,,,,,,,,,,,,,,,,,,,,,,,,,,,,,,,,,,,,,,,,,,,,,,,,,,,,,13.296,0.5,19.1,332.4,0.0,59.1,13.0,1.0,,,,,,,,,,,,,,,,,,,,,,,,,,,,,,,,,,,,,,,,,,,,,,,,,,,,,,,,,,,,,,,,,,,,,,,,,,,,,,,,,,,,,,,,,,,,,,,,,,,,,,,,,,,,,,,,,,,,,,,,,,,,,,,,,,,,,,,,,,,,,,,,,,,,,,,,,,,,,,,,,,,,,,,,,,,,,,,,,,,,,,,,,,,,,,1.2246467991473532e-16,-1.0,0
2019-07-01,,,,,,,,,,,,,,,,,,,,,,,,,,,,,,,,,,,,,,,,,,,,,,,,,,,,,,,,,,,,,,,,,,,,,,,,,,,,,,,,,,,,,,,,,,,,,,,,,,,,,,,,,,,,,,,,18.18846153846154,3.2,24.6,472.9,0.0,20.8,7.0,1.0,,,,,,,,,,,,,,,,,,,,,,,,,,,,,,,,,,,,,,,,,,,,,,,,,,,,,,,,,,,,,,,,,,,,,,,,,,,,,,,,,,,,,,,2000.0,,,,,6.5,,,,,,,,,,,,,,,,,,,,60.0,,,,,10.66,,,,,363.0,,,,,711.6,,,,,1578.2,,,,,433.2,,,,,,,,,,,,,,,,,,,,,,,,,,,,,,,,,,,,,,,,,,,,,,,,,,,,,-0.4999999999999997,-0.8660254037844388,0
2019-08-01,,,,,,,,,,,,,,,,,,,,,,,,,,,,,,,,,,,,,,,,,,,,,,,,,,,,,,,,,,,,,,,,,,,,,,,,,,,,,,,,,,,,,,,,,,,,,,,,,,,,,,,,,,,,,,,,14.407692307692308,6.9,20.0,374.6,0.0,55.900000000000006,9.0,,,,,,,,,,,,,,,,,,,,,,,,,,,,,,,,,,,,,,,,,,,,,,,,,,,,,,,,,,,,,,,,,,,,,,,,,,,,,,,,,,,,,,,,,,,,,,,,,,,,,,,,,,,,,,,,,,,,,,,,,,,,,,,,,,,,,,,,,,,,,,,,,,,,,,,,,,,,,,,,,,,,,,,,,,,,,,,,,,,,,,,,,,,,,,,-0.8660254037844384,-0.5000000000000004,0
2019-09-01,,,,,,,,,,,,,,,,,,,,,,,,,,,,,,,,,,,,,,,,,,,,,,,,,,,,,,,,,,,,,,,,,,,,,,,,,,,,,,,,,,,,,,,,,,,,,,,,,,,,,,,,,,,,,,,,8.984,2.0,17.6,224.60000000000002,0.0,45.3,11.0,,,,,,,,,,,,,,,,,,,,,,,,,,,,,,,,,,,,,,,,,,,,,,,,,,,,,,,,,,,,,,,,,,,,,,,,,,,,,,,,,,,,,,,,,,,,,,,,,,,,,,,,,,,,,,,,,,,,,,,,,,,,,,,,,,,,,,,,,,,,,,,,,,,,,,,,,,,,,,,,,,,,,,,,,,,,,,,,,,,,,,,,,,,,,,,-1.0,-1.8369701987210297e-16,0
2019-10-01,,,,,,,,,,,,,,,,,,,,,,,,,,,,,,,,,,,,,,,,,,,,,,,,,,,,,,,,,,,,,,,,,,,,,,,,,,,,,,,,,,,,,,,,,,,,,,,,,,,,,,,,,,,,,,,,4.404,-7.7,20.7,142.5,-32.4,37.8,15.0,1.0,,,,,,,,,,,,,,,,,,,,,,,,,,,,,,,,,,,,,,,,,,,,,,,,,,,,,,,,,,,,,,,,,,,,,,,,,,,,,,,,,,,,,,,,,,,,,,,,,,,,,,,,,,,,,,,,,,,,,,,,,,,,,,,,,,,,,,,,,,,,,,,,,,,,,,,,,,,,,,,,,,,,,,,,,,,,,,,,,,,,,,,,,,,,,,-0.8660254037844386,0.5000000000000001,0
2019-11-01,,,,,,,,,,,,,,,,,,,,,,,,,,,,,,,,,,,,,,,,,,,,,,,,,,,,,,,,,,,,,,,,,,,,,,,,,,,,,,,,,,,,,,,,,,,,,,,,,,,,,,,,,,,,,,,,13.757142857142856,4.0,20.7,96.3,0.0,11.0,3.0,,,,,,,,,,,,,,,,,,,,,,,,,,,,,,,,,,,,,,,,,,,,,,,,,,,,,,,,,,,,,,,,,,,,,,,,,,,,,,,,,,,,,,,,,,,,,,,,,,,,,,,,,,,,,,,,,,,,,,,,,,,,,,,,,,,,,,,,,,,,,,,,,,,,,,,,,,,,,,,,,,,,,,,,,,,,,,,,,,,,,,,,,,,,,,,-0.5000000000000004,0.8660254037844384,0
2019-12-01,,,,,,,,,,,,,,,,,,,,,,,,,,,,,,,,,,,,,,,,,,,,,,,,,,,,,,,,,,,,,,,,,,,,,,,,,,,,,,,,,,,,,,,,,,,,,,,,,,,,,,,,,,,,,,,,14.985714285714286,8.3,24.1,104.9,0.0,7.2,2.0,,,,,,,,,,,,,,,,,,,,,,,,,,,,,,,,,,,,,,,,,,,,,,,,,,,,,,,,,,,,,,,,,,,,,,,,,,,,,,,,,,,,,,,,,,,,,,,,,,,,,,,,,,,,,,,,,,,,,,,,,,,,,,,,,,,,,,,,,,,,,,,,,,,,,,,,,,,,,,,,,,,,,,,,,,,,,,,,,,,,,,,,,,,,,,,-2.4492935982947064e-16,1.0,1
2020-01-01,,,,,,,,,,,,,,,,,,,,,,,,,,,,,,,,,,,,,,,,,,,,,,,,,,,,,,,,,,,,,,,,,,,,,,,,,,,,,,,,,,,,,,,,,,,,,,,,,,,,,,,,,,,,,,,,10.137500000000001,0.7,20.6,81.10000000000001,0.0,38.6,5.0,9.0,,,,,,,,,,,,,,,,,,,,,,,,,,,,,,,,,,,,,,,,,,,,,,,,,,,,,,,,,,,,,,,,,,,,,,,,,,,,,,,,,,,,,,,,,,,,,,,,,,,,,,,,,,,,,,,,,,,,,,,,,,,,,,,,,,,,,,,,,,,,,,,,,,,,,,,,,,,,,,,,,,,,,,,,,,,,,,,,,,,,,,,,,,,,,,0.49999999999999994,0.8660254037844387,1
2020-02-01,,,,,,,,,,,,,,,,,,,,,,,,,,,,,,,,,,,,,,,,,,,,,,,,,,,,,,,,,,,,,,,,,,,,,,,,,,,,,,,,,,,,,,,,,,,,,,,,,,,,,,,,,,,,,,,,9.8625,-0.8,23.5,79.7,-0.8,51.699999999999996,5.0,5.0,,,,,,,,,,,,,,,,,,,,,,,,,,,,,,,,,,,,,,,,,,,,,,,,,,,,,,,,,,,,,,,,,,,,,,,,,,,,,,,,,,,,,,,,,,,,,,,,,,,,,,,,,,,,,,,,,,,,,,,,,,,,,,,,,,,,,,,,,,,,,,,,,,,,,,,,,,,,,,,,,,,,,,,,,,,,,,,,,,,,,,,,,,,,,,0.8660254037844386,0.5000000000000001,1
2020-03-01,,,,,,,,,,,,,,,,,,,,,,,,,,,,,,,,,,,,,,,,,,,,,,,,,,,,,,,,,,,,,,,,,,,,,,,,,,,,,,,,,,,,,,,,,,,,,,,,,,,,,,,,,,,,,,,,3.003571428571429,-7.4,26.0,115.6,-31.5,30.2,12.0,32.0,,,,,,,,,,,,,,,,,,,,,,,,,,,,,,,,,,,,,,,,,,,,,,,,,,,,,,,,,,,,,,,,,,,,,,,,,,,,,,,,,,,,,,,,,,,,,,,,,,,,,,,,,,,,,,,,,,,,,,,,,,,,,,,,,,,,,,,,,,,,,,,,,,,,,,,,,,,,,,,,,,,,,,,,,,,,,,,,,,,,,,,,,,,,,,1.0,6.123233995736766e-17,0
2020-04-01,,,,,,,,,,,,,,,,,,,,,,,,,,,,,,,,,,,,,,,,,,,,,,,,,,,,,,,,,,,,,,,,,,,,,,,,,,,,,,,,,,,,,,,,,,,,,,,,,,,,,,,,,,,,,,,,9.338461538461539,0.4,25.8,242.8,0.0,44.3,11.0,5.0,,,,,,,,,,,,,,,,,,,,,,,,,,,,,,,,,,,,,,,,,,,,,,,,,,,,,,,,,,,,,,,,,,,,,,,,,,,,,,,,,,,,,,,,,,,,,,,,,,,,,,,,,,,,,,,,,,,,,,,,,,,,,,,,,,,,,,,,,,,,,,,,,,,,,,,,,,,,,,,,,,,,,,,,,,,,,,,,,,,,,,,,,,,,,,0.8660254037844387,-0.4999999999999998,0
2020-05-01,,,,,,,,,,,,,,,,,,,,,,,,,,,,,,,,,,,,,,,,,,,,,,,,,,,,,,,,,,,,,,,,,,,,,,,,,,,,,,,,,,,,,,,,,,,,,,,,,,,,,,,,,,,,,,,,14.351851851851851,0.9,23.4,387.5,0.0,37.6,12.0,1.0,,,,,,,,,,,,,,,,,,,,,,,,,,,,,,,,,,,,,,,,,,,,,,,,,,,,,,,,,,,,,,,,,,,,,,,,,,,,,,,,,,,,,,,,,,,,,,,,,,,,,,,,,,,,,,,,,,,,,,,,,,,,,,,,,,,,,,,,,,,,,,,,,,,,,,,,,,,,,,,,,,,,,,,,,,,,,,,,,,,,,,,,,,,,,,0.49999999999999994,-0.8660254037844387,0
2020-06-01,,,,,,,,,,,,,,,,,,,,,,,,,,,,,,,,,,,,,,,,,,,,,,,,,,,,,,,,,,,,,,,,,,,,,,,,,,,,,,,,,,,,,,,,,,,,,,,,,,,,,,,,,,,,,,,,12.446153846153846,2.1,20.6,323.6,0.0,64.6,17.0,,,,,,,,,,,,,,,,,,,,,,,,,,,,,,,,,,,,,,,,,,,,,,,,,,,,,,,,,,,,,,,,,,,,,,,,,,,,,,,,,,,,,,,,,,,,,,,,,,,,,,,,,,,,,,,,,,,,,,,,,,,,,,,,,,,,,,,,,,,,,,,,,,,,,,,,,,,,,,,,,,,,,,,,,,,,,,,,,,,,,,,,,,,,,,,1.2246467991473532e-16,-1.0,0
2020-07-01,,,,,,,,,,,,,,,,,,,,,,,,,,,,,,,,,,,,,,,,,,,,,,,,,,,,,,,,,,,,,,,,,,,,,,,,,,,,,,,,,,,,,,,,,,,,,,,,,,,,,,,,,,,,,,,,17.45925925925926,-2.0,27.1,473.3999999999999,-2.0,33.8,7.0,4.0,,,,,,,,,,,,,,,,,,,,,,,,,,,,,,,,,,,,,,,,,,,,,,,,,,,,,,,,,,,,,,,,,,,,,,,,,,,,,,,,,,,,,,,,,,,,,,,,,,,,,,,,,,,,,,,,,,,,,,,,,,,,,,,,,,,,,,,,,,,,,,,,,,,,,,,,,,,,,,,,,,,,,,,,,,,,,,,,,,,,,,,,,,,,,,-0.4999999999999997,-0.8660254037844388,0
2020-08-01,,,,,,,,,,,,,,,,,,,,,,,,,,,,,,,,,,,,,,,,,,,,,,,,,,,,,,,,,,,,,,,,,,,,,,,,,,,,,,,,,,,,,,,,,,,,,,,,,,,,,,,,,,,,,,,,14.05185185185185,-4.3,25.4,383.70000000000005,-4.3,47.6,13.0,25.0,,,,,,,,,,,,,,,,,,,,,,,,,,,,,,,,,,,,,,,,,,,,,,,,,,,,,,,,,,,,,,,,,,,,,,,,,,,,,,,,,,,,,,,,,,,,,,,,,,,,,,,,,,,,,,,,,,,,,,,,,,,,,,,,,,,,,,,,,,,,,,,,,,,,,,,,,,,,,,,,,,,,,,,,,,,,,,,,,,,,,,,,,,,,,,-0.8660254037844384,-0.5000000000000004,0
2020-09-01,,,,,,,,,,,,,,,,,,,,,,,,,,,,,,,,,,,,,,,,,,,,,,,,,,,,,,,,,,,,,,,,,,,,,,,,,,,,,,,,,,,,,,,,,,,,,,,,,,,,,,,,,,,,,,,,10.330769230769231,-0.8,27.0,269.40000000000003,-0.8,29.3,10.0,30.0,,,,,,,,,,,,,,,,,,,,,,,,,,,,,,,,,,,,,,,,,,,,,,,,,,,,,,,,,,,,,,,,,,,,,,,,,,,,,,,,,,,,,,,,,,,,,,,,,,,,,,,,,,,,,,,,,,,,,,,,,,,,,,,,,,,,,,,,,,,,,,,,,,,,,,,,,,,,,,,,,,,,,,,,,,,,,,,,,,,,,,,,,,,,,,-1.0,-1.8369701987210297e-16,0
2020-10-01,,,,,,,,,,,,,,,,,,,,,,,,,,,,,,,,,,,,,,,,,,,,,,,,,,,,,,,,,,,,,,,,,,,,,,,,,,,,,,,,,,,,,,,,,,,,,,,,,,,,,,,,,,,,,,,,5.392592592592592,-5.6,23.9,162.5,-16.9,33.300000000000004,14.0,23.0,,,,,,,,,,,,,,,,,,,,,,,,,,,,,,,,,,,,,,,,,,,,,,,,,,,,,,,,,,,,,,,,,,,,,,,,,,,,,,,,,,,,,,,,,,,,,,,,,,,,,,,,,,,,,,,,,,,,,,,,,,,,,,,,,,,,,,,,,,,,,,,,,,,,,,,,,,,,,,,,,,,,,,,,,,,,,,,,,,,,,,,,,,,,,,-0.8660254037844386,0.5000000000000001,0
2020-11-01,,,,,,,,,,,,,,,,,,,,,,,,,,,,,,,,,,,,,,,,,,,,,,,,,,,,,,,,,,,,,,,,,,,,,,,,,,,,,,,,,,,,,,,,,,,,,,,,,,,,,,,,,,,,,,,,14.425,-3.9,24.7,119.29999999999998,-3.9,4.8,1.0,14.0,,,,,,,,,,,,,,,,,,,,,,,,,,,,,,,,,,,,,,,,,,,,,,,,,,,,,,,,,,,,,,,,,,,,,,,,,,,,,,,,,,,,,,,,,,,,,,,,,,,,,,,,,,,,,,,,,,,,,,,,,,,,,,,,,,,,,,,,,,,,,,,,,,,,,,,,,,,,,,,,,,,,,,,,,,,,,,,,,,,,,,,,,,,,,,-0.5000000000000004,0.8660254037844384,0
2020-12-01,,,,,,,,,,,,,,,,,,,,,,,,,,,,,,,,,,,,,,,,,,,,,,,,,,,,,,,,,,,,,,,,,,,,,,,,,,,,,,,,,,,,,,,,,,,,,,,,,,,,,,,,,,,,,,,,13.825,4.4,22.8,110.6,0.0,6.1,1.0,32.0,,,,,,,,,,,,,,,,,,,,,,,,,,,,,,,,,,,,,,,,,,,,,,,,,,,,,,,,,,,,,,,,,,,,,,,,,,,,,,,,,,,,,,,,,,,,,,,,,,,,,,,,,,,,,,,,,,,,,,,,,,,,,,,,,,,,,,,,,,,,,,,,,,,,,,,,,,,,,,,,,,,,,,,,,,,,,,,,,,,,,,,,,,,,,,-2.4492935982947064e-16,1.0,1
2021-01-01,,,,,,,,,,,,,,,,,,,,,,,,,,,,,,,,,,,,,,,,,,,,,,,,,,,,,,,,,,,,,,,,,,,,,,,,,,,,,,,,,,,,,,,,,,,,,,,,,,,,,,,,,,,,,,,,9.528571428571428,-8.0,27.5,74.69999999999999,-8.0,17.5,3.0,12.0,,,,,,,,,,,,,,,,,,,,,,,,,,,,,,,,,,,,,,,,,,,,,,,,,,,,,,,,,,,,,,,,,,,,,,,,,,,,,,,,,,,,,,,,,,,,,,,,,,,,,,,,,,,,,,,,,,,,,,,,,,,,,,,,,,,,,,,,,,,,,,,,,,,,,,,,,,,,,,,,,,,,,,,,,,,,,,,,,,,,,,,,,,,,,,0.49999999999999994,0.8660254037844387,1
2021-02-01,,,,,,,,,,,,,,,,,,,,,,,,,,,,,,,,,,,,,,,,,,,,,,,,,,,,,,,,,,,,,,,,,,,,,,,,,,,,,,,,,,,,,,,,,,,,,,,,,,,,,,,,,,,,,,,,10.385714285714286,-12.7,23.9,85.4,-12.7,10.8,2.0,12.0,,,,,,,,,,,,,,,,,,,,,,,,,,,,,,,,,,,,,,,,,,,,,,,,,,,,,,,,,,,,,,,,,,,,,,,,,,,,,,,,,,,,,,,,,,,,,,,,,,,,,,,,,,,,,,,,,,,,,,,,,,,,,,,,,,,,,,,,,,,,,,,,,,,,,,,,,,,,,,,,,,,,,,,,,,,,,,,,,,,,,,,,,,,,,,0.8660254037844386,0.5000000000000001,1
2021-03-01,,,,,,,,,,,,,,,,,,,,,,,,,,,,,,,,,,,,,,,,,,,,,,,,,,,,,,,,,,,,,,,,,,,,,,,,,,,,,,,,,,,,,,,,,,,,,,,,,,,,,,,,,,,,,,,,9.6375,-10.5,25.4,87.60000000000001,-10.5,1.9,3.0,24.0,,,,,,,,,,,,,,,,,,,,,,,,,,,,,,,,,,,,,,,,,,,,,,,,,,,,,,,,,,,,,,,,,,,,,,,,,,,,,,,,,,,,,,,,,,,,,,,,,,,,,,,,,,,,,,,,,,,,,,,,,,,,,,,,,,,,,,,,,,,,,,,,,,,,,,,,,,,,,,,,,,,,,,,,,,,,,,,,,,,,,,,,,,,,,,1.0,6.123233995736766e-17,0
2021-04-01,,,,,,,,,,,,,,,,,,,,,,,,,,,,,,,,,,,,,,,,,,,,,,,,,,,,,,,,,,,,,,,,,,,,,,,,,,,,,,,,,,,,,,,,,,,,,,,,,,,,,,,,,,,,,,,,7.238461538461538,-6.6,20.0,201.2,-12.999999999999998,60.9,4.0,15.0,,,,,,,,,,,,,,,,,,,,,,,,,,,,,,,,,,,,,,,,,,,,,,,,,,,,,,,,,,,,,,,,,,,,,,,,,,,,,,,,,,,,,,,,,,,,,,,,,,,,,,,,,,,,,,,,,,,,,,,,,,,,,,,,,,,,,,,,,,,,,,,,,,,,,,,,,,,,,,,,,,,,,,,,,,,,,,,,,,,,,,,,,,,,,,0.8660254037844387,-0.4999999999999998,0
2021-05-01,,,,,,,,,,,,,,,,,,,,,,,,,,,,,,,,,,,,,,,,,,,,,,,,,,,,,,,,,,,,,,,,,,,,,,,,,,,,,,,,,,,,,,,,,,,,,,,,,,,,,,,,,,,,,,,,15.618518518518519,0.2,23.1,421.7,0.0,31.3,10.0,11.0,,,,,,,,,,,,,,,,,,,,,,,,,,,,,,,,,,,,,,,,,,,,,,,,,,,,,,,,,,,,,,,,,,,,,,,,,,,,,,,,,,,,,,600.0,700.0,,,,7.8,7.7,,,,34.0,25.0,,,,75.8,61.6,,,,632.2,621.1,,,,24.2,38.4,,,,18.3,16.8,,,,213.0,90.0,,,,1052.2,1268.4,,,,4150.0,3700.0,,,,850.0,1100.0,,,,,,,,,,,,,,,,,,,,,,,,,,,,,,,,,,,,,,,,,,,,,,,,,,,,,0.49999999999999994,-0.8660254037844387,0
2021-06-01,,,,,,,,,,,,,,,,,,,,,,,,,,,,,,,,,,,,,,,,,,,,,,,,,,,,,,,,,,,,,,,,,,,,,,,,,,,,,,,,,,,,,,,,,,,,,,,,,,,,,,,,,,,,,,,,15.61923076923077,1.5,24.0,406.1,0.0,54.2,11.0,10.0,,,,,,,,,,,,,,,,,,,,,,,,,,,,,,,,,,,,,,,,,,,,,,,,,,,,,,,,,,,,,,,,,,,,,,,,,,,,,,,,,,,,,,,,,,,,,,,,,,,,,,,,,,,,,,,,,,,,,,,,,,,,,,,,,,,,,,,,,,,,,,,,,,,,,,,,,,,,,,,,,,,,,,,,,,,,,,,,,,,,,,,,,,,,,,1.2246467991473532e-16,-1.0,0
2021-07-01,,,,,,,,,,,,,,,,,,,,,,,,,,,,,,,,,,,,,,,,,,,,,,,,,,,,,,,,,,,,,,,,,,,,,,,,,,,,,,,,,,,,,,,,,,,,,,,,,,,,,,,,,,,,,,,,14.41851851851852,2.3,23.8,389.30000000000007,0.0,91.3,14.0,7.0,,,,,,,,,,,,,,,,,,,,,,,,,,,,,,,,,,,,,,,,,,,,,,,,,,,,,,,,,,,,,,,,,,,,,,,,,,,,,,,,,,,,,600.0,633.3333333333334,700.0,,,7.8,7.766666666666667,7.7,,,34.0,31.0,25.0,,,75.8,71.06666666666666,61.6,,,632.2,628.5,621.1,,,24.2,28.933333333333334,38.4,,,18.3,17.8,16.8,,,0.213,142.03,90.0,,,1052.2,1124.2666666666667,1268.4,,,4150.0,4000.0,3700.0,,,850.0,933.3333333333334,1100.0,,,,,,,,,,,,,,,,,,,,,,,,,,,,,,,,,,,,,,,,,,,,,,,,,,,,,-0.4999999999999997,-0.8660254037844388,0
2021-08-01,,,,,,,,,,,,,,,,,,,,,,,,,,,,,,,,,,,,,,,,,,,,,,,,,,,,,,,,,,,,,,,,,,,,,,,,,,,,,,,,,,,,,,,,,,,,,,,,,,,,,,,,,,,,,,,,16.17037037037037,0.1,23.9,436.6000000000001,0.0,51.6,6.0,6.0,,,,,,,,,,,,,,,,,,,,,,,,,,,,,,,,,,,,,,,,,,,,,,,,,,,,,,,,,,,,,,,,,,,,,,,,,,,,,,,,,,,,,,,,,,,,,,,,,,,,,,,,,,,,,,,,,,,,,,,,,,,,,,,,,,,,,,,,,,,,,,,,,,,,,,,,,,,,,,,,,,,,,,,,,,,,,,,,,,,,,,,,,,,,,,-0.8660254037844384,-0.5000000000000004,0
2021-09-01,,,,,,,,,,,,,,,,,,,,,,,,,,,,,,,,,,,,,,,,,,,,,,,,,,,,,,,,,,,,,,,,,,,,,,,,,,,,,,,,,,,,,,,,,,,,,,,,,,,,,,,,,,,,,,,,7.065384615384615,0.9,21.3,183.70000000000002,0.0,29.200000000000003,12.0,6.0,,,,,,,,,,,,,,,,,,,,,,,,,,,,,,,,,,,,,,,,,,,,,,,,,,,,,,,,,,,,,,,,,,,,,,,,,,,,,,,,,,,,,,,,,,,,,,,,,,,,,,,,,,,,,,,,,,,,,,,,,,,,,,,,,,,,,,,,,,,,,,,,,,,,,,,,,,,,,,,,,,,,,,,,,,,,,,,,,,,,,,,,,,,,,,-1.0,-1.8369701987210297e-16,0
2021-10-01,,,,,,,,,,,,,,,,,,,,,,,,,,,,,,,,,,,,,,,,,,,,,,,,,,,,,,,,,,,,,,,,,,,,,,,,,,,,,,,,,,,,,,,,,,,,,,,,,,,,,,,,,,,,,,,,4.892592592592592,-5.2,19.6,149.29999999999998,-17.2,47.4,15.0,8.0,,,,,,,,,,,,,,,,,,,,,,,,,,,,,,,,,,,,,,,,,,,,,,,,,,,,,,,,,,,,,,,,,,,,,,,,,,,,,,,,,,,,,,,,,,,,,,,,,,,,,,,,,,,,,,,,,,,,,,,,,,,,,,,,,,,,,,,,,,,,,,,,,,,,,,,,,,,,,,,,,,,,,,,,,,,,,,,,,,,,,,,,,,,,,,-0.8660254037844386,0.5000000000000001,0
2021-11-01,,,,,,,,,,,,,,,,,,,,,,,,,,,,,,,,,,,,,,,,,,,,,,,,,,,,,,,,,,,,,,,,,,,,,,,,,,,,,,,,,,,,,,,,,,,,,,,,,,,,,,,,,,,,,,,,10.785714285714286,-0.4,15.7,75.89999999999999,-0.4,6.8999999999999995,3.0,,,,,,,,,,,,,,,,,,,,,,,,,,,,,,,,,,,,,,,,,,,,,,,,,,,,,,,,,,,,,,,,,,,,,,,,,,,,,,,,,,,,,,,,,,,,,,,,,,,,,,,,,,,,,,,,,,,,,,,,,,,,,,,,,,,,,,,,,,,,,,,,,,,,,,,,,,,,,,,,,,,,,,,,,,,,,,,,,,,,,,,,,,,,,,,-0.5000000000000004,0.8660254037844384,0
2021-12-01,,,,,,,,,,,,,,,,,,,,,,,,,,,,,,,,,,,,,,,,,,,,,,,,,,,,,,,,,,,,,,,,,,,,,,,,,,,,,,,,,,,,,,,,,,,,,,,,,,,,,,,,,,,,,,,,11.12857142857143,3.5,18.3,77.9,0.0,8.8,3.0,2.0,,,,,,,,,,,,,,,,,,,,,,,,,,,,,,,,,,,,,,,,,,,,,,,,,,,,,,,,,,,,,,,,,,,,,,,,,,,,,,,,,,,,,,,,,,,,,,,,,,,,,,,,,,,,,,,,,,,,,,,,,,,,,,,,,,,,,,,,,,,,,,,,,,,,,,,,,,,,,,,,,,,,,,,,,,,,,,,,,,,,,,,,,,,,,,-2.4492935982947064e-16,1.0,1
2022-01-01,,,,,,,,,,,,,,,,,,,,,,,,,,,,,,,,,,,,,,,,,,,,,,,,,,,,,,,,,,,,,,,,,,,,,,,,,,,,,,,,,,,,,,,,,,,,,,,,,,,,,,,,,,,,,,,,9.299999999999999,-0.7,16.7,65.80000000000001,-0.7,0.8,1.0,,,,,,,,,,,,,,,,,,,,,,,,,,,,,,,,,,,,,,,,,,,,,,,,,,,,,,,,,,,,,,,,,,,,,,,,,,,,,,,,,,,,,,,,,,,,,,,,,,,,,,,,,,,,,,,,,,,,,,,,,,,,,,,,,,,,,,,,,,,,,,,,,,,,,,,,,,,,,,,,,,,,,,,,,,,,,,,,,,,,,,,,,,,,,,,0.49999999999999994,0.8660254037844387,1
2022-02-01,,,,,,,,,,,,,,,,,,,,,,,,,,,,,,,,,,,,,,,,,,,,,,,,,,,,,,,,,,,,,,,,,,,,,,,,,,,,,,,,,,,,,,,,,,,,,,,,,,,,,,,,,,,,,,,,10.028571428571428,1.7,17.3,70.2,0.0,5.4,2.0,,,,,,,,,,,,,,,,,,,,,,,,,,,,,,,,,,,,,,,,,,,,,,,,,,,,,,,,,,,,,,,,,,,,,,,,,,,,,,,,,,,,,,,,,,,,,,,,,,,,,,,,,,,,,,,,,,,,,,,,,,,,,,,,,,,,,,,,,,,,,,,,,,,,,,,,,,,,,,,,,,,,,,,,,,,,,,,,,,,,,,,,,,,,,,,0.8660254037844386,0.5000000000000001,1
2022-03-01,,,,,,,,,,,,,,,,,,,,,,,,,,,,,,,,,,,,,,,,,,,,,,,,,,,,,,,,,,,,,,,,,,,,,,,,,,,,,,,,,,,,,,,,,,,,,,,,,,,,,,,,,,,,,,,,9.614285714285714,0.1,17.7,67.29999999999998,0.0,5.8,2.0,1.0,,,,,,,,,,,,,,,,,,,,,,,,,,,,,,,,,,,,,,,,,,,,,,,,,,,,,,,,,,,,,,,,,,,,,,,,,,,,,,,,,,,,,,,,,,,,,,,,,,,,,,,,,,,,,,,,,,,,,,,,,,,,,,,,,,,,,,,,,,,,,,,,,,,,,,,,,,,,,,,,,,,,,,,,,,,,,,,,,,,,,,,,,,,,,,1.0,6.123233995736766e-17,0
2022-04-01,332.15,169.13500000000002,116.7,88.95,,9349.0,3886.05,34.56,38.4,,6.8100000000000005,7.95,6.8,6.8,,753.5,275.0,248.0,254.0,,1380.0,676.5,498.0,518.0,,95.325,72.97,27.8,27.65,,486.6,513.8,143.6,283.2,,22.1,81.32,87.6,94.2,,78.75,25.265,,,,592.95,646.65,798.0,814.2,,58.6,79.33500000000001,49.04,48.8,,641.5,701.05,704.5,716.2,,51.06,,0.008,0.019,,170.325,87.11,94.3,94.8,,134.85000000000002,175.3,208.7,201.1,,0.35,47.629999999999995,0.3,0.288,,0.515,0.72,1.12,1.014,,0.96,1.283,7.16,3.9,,,0.89,1.26,1.324,,10.18,0.09,0.1,0.58,,1.7,,2.53,2.18,,,,,,,,7.068,-3.2,19.1,184.79999999999998,-8.100000000000001,14.7,7.0,12.0,,,,,,,,,,,,,,,,,,,,,,,,,,,,,,,,,,,,,,,,,,,,,,,,,,,,,,,,,,,,,,,,,,,,,,,,,,,,,,,,,,,,,,,,,,,,,,,,,,,,,,,,,,,,,,,,,,,,,,,,,,,,,,,,,,,,,,,,,,,,,,,,,,,,,,,,,,,,,,,,,,,,,,,,,,,,,,,,,,,,,,,,,,,,,,0.8660254037844387,-0.4999999999999998,0
2022-05-01,,,,,,,,,,,,,,,,,,,,,,,,,,,,,,,,,,,,,,,,,,,,,,,,,,,,,,,,,,,,,,,,,,,,,,,,,,,,,,,,,,,,,,,,,,,,,,,,,,,,,,,,,,,,,,,,12.677777777777779,-0.6,24.1,342.90000000000003,-0.6,68.5,16.0,50.0,,,,,,,,,,,,,,,,,,,,,,,,,,,,,,,,,,,,,,,,,,,,,,,,,,,,,,,,,,,,,,,,,,,,,,,,,,,,,,,,,,,,,,24.0,,,,,6.8,,,,,70.4,,,,,99.9,,,,,6250.2,,,,,0.91,,,,,27.3,,,,,1.5,,,,,1090.4,,,,,9418.8,,,,,2000.3,,,,,2.4,,,,,86.3,,,,,,,,,,,,,,,,,,,,,,,,,,,,,,,,,,,,,,,,,,,,0.49999999999999994,-0.8660254037844387,0
2022-06-01,179.39999999999998,235.7,108.5,87.2,,75.05,247.05,70.8,154.65,,6.855,7.03,7.12,7.285,,465.0,444.5,184.5,200.5,,1168.0,962.5,342.5,400.0,,3.925,16.8,14.149999999999999,14.775,,877.5,502.6,728.6,888.2,,26.049999999999997,37.7,69.15,64.4,,2.57,3.71,7.550000000000001,20.77,,528.4000000000001,516.45,565.7,509.95000000000005,,27.1,26.65,30.049999999999997,30.35,,503.40000000000003,631.0,607.2,604.1500000000001,,,,,,,67.6,80.44999999999999,69.65,68.0,,116.30000000000001,118.05,130.2,115.94999999999999,,0.41,0.07,0.57,,,0.035,0.27499999999999997,0.24,0.33,,0.14,0.22,0.195,0.195,,0.48,0.29,0.18,0.43,,0.2,,,,,0.01,,,,,,,,,,,13.826923076923077,-2.7,21.4,362.2,-2.7,47.6,12.0,33.0,,,,,,,,,,,,,,,,,,,,,,,,,,,,,,,,,,,,,,,,,,,,,,,,,,,,,,,,,,,,,,,,,,,,,,,,,,,,,,,,,,,,,8843.8,11345.0,13098.1,11053.6,,7.2,7.1,6.4,7.0,,2.8,2.8,2.8,5.0,,63.0,64.0,64.0,81.0,,615.3,685.2,843.8,923.1,,22.0,36.0,36.0,19.0,,19.1,27.8,35.6,33.3,,376.14,1076.4,786.8,1124.0,,1010.0,944.0,981.8,960.2,,765.3,871.7,1271.5,706.4,,664.4,285.8,385.8,271.5,,6.2,3.4,3.0,2.2,,86.3,86.3,86.3,86.3,,,,,,,,,,,,,,,,,,,,,,,,,,,,,,,,,,,,,,,,,,1.2246467991473532e-16,-1.0,0
2022-07-01,241.9,99.47,91.12,78.8,,24.0,8.6,174.0,38.4,,8.2,7.8,8.1,6.5,,205.0,190.0,271.0,420.0,,420.0,440.0,500.0,1040.0,,,,,7.4,,14.0,370.4,1254.4,286.4,,1.12,39.9,67.5,66.3,,158.8,,,,,368.3,403.5,555.1,511.4,,9.5,33.08,28.9,32.53,,481.5,840.3,811.5,812.1,,,0.02,0.013,0.019,,91.8,110.2,105.5,109.2,,165.2,141.2,167.3,109.6,,1.7,0.58,0.55,0.728,,0.17,0.24,0.88,0.71,,0.95,1.14,5.4,2.56,,,,,,,,,,,,3.03,2.5,2.5,2.59,,,,,,,,17.057692307692307,1.8,21.7,443.5,0.0,52.1,12.0,31.0,,,,,,,,,,,,,,,,,,,,,,,,,,,,,,,,,,,,,,,,,,,,,,,,,,,,,,,,,,,,,,,,,,,,,,,,,,,,,,,,,,,,,2718.0,5633.0,12610.0,5613.0,,8.4,7.6,7.1,7.7,,34.7,,17.3,744.9,,78.0,74.0,76.0,81.0,,89.1,564.7,1022.0,846.6,,22.0,26.0,24.0,19.0,,2.9,27.8,35.6,33.3,,98.6,680.4,537.4,700.9,,87.5,583.2,565.2,556.1,,850.8,1372.0,4978.0,1349.0,,212.7,521.9,1055.0,4145.0,,2.52,4.06,3.92,3.51,,231.5,2002.0,1881.0,1697.0,,13.6,19.3,14.8,6.9,,5.07,15.9,29.2,7.2,,454.8,2979.0,3066.0,2234.0,,3.06,8.83,3.31,2.19,,235.8,838.1,,1.5,,,,,,,,,,,,,,,,,-0.4999999999999997,-0.8660254037844388,0
2022-08-01,,,,,,,,,,,,,,,,,,,,,,,,,,,,,,,,,,,,,,,,,,,,,,,,,,,,,,,,,,,,,,,,,,,,,,,,,,,,,,,,,,,,,,,,,,,,,,,,,,,,,,,,,,,,,,,,14.473076923076924,1.4,20.9,376.3,0.0,68.4,12.0,27.0,,,,,,,,,,,,,,,,,,,,,,,,,,,,,,,,,,,,,,,,,,,,,,,,,,,,,,,,,,,,,,,,,,,,,,,,,,,,,,,,,,,,,7251.0,7315.0,18009.5,12870.0,,8.5,7.2,6.4,7.6,,2.8,4.2,3.4,18.2,,32.6,76.6,75.4,80.06,,89.4,340.8,493.2,566.5,,67.4,23.4,24.6,19.9,,3.6,25.6,34.1,23.0,,229.5,605.2,721.5,823.2,,121.9,469.6,309.7,488.9,,1912.0,1433.0,2375.0,2965.0,,400.6,403.9,437.7,514.1,,2.52,3.8,3.8,3.6,,467.5,2317.0,1206.0,2535.0,,14.4,11.9,,,,1.18,,16.4,19.38,,568.3,2170.0,1350.0,2460.0,,,,,,,210.3,49.78,65.21,101.2,,,,,,,,,,,,,,,,,-0.8660254037844384,-0.5000000000000004,0
2022-09-01,,,,,,,,,,,,,,,,,,,,,,,,,,,,,,,,,,,,,,,,,,,,,,,,,,,,,,,,,,,,,,,,,,,,,,,,,,,,,,,,,,,,,,,,,,,,,,,,,,,,,,,,,,,,,,,,9.736,-1.4,22.1,245.30000000000004,-1.9,9.1,6.0,26.0,,,,,,,,,,,,,,,,,,,,,,,,,,,,,,,,,,,,,,,,,,,,,,,,,,,,,,,,,,,,,,,,,,,,,,,,,,,,,,,,,,,,,1172.0,5030.0,7547.0,415.4,,8.2,7.1,6.5,7.4,,1042.0,4.2,,,,29.0,76.78,73.2,71.61,,91.9,315.1,637.9,83.4,,71.0,23.22,26.8,28.39,,6.0,23.7,28.7,6.2,,174.0,371.5,724.5,103.6,,124.8,464.2,483.3,70.9,,2662.0,1893.24,1850.0,255.6,,515.0,515.0,724.0,82.9,,2.87,3.5,3.5,3.3,,5123.0,661.9,352.7,71.1,,12.03,11.07,1.8,4.12,,31.7,,17.4,2.9,,1248.0,1867.0,20.0,291.0,,,,,,,96.0,37.15,,36.4,,,,,,,,,,,,,,,,,-1.0,-1.8369701987210297e-16,0
2022-10-01,441.5,117.44,45.67,33.66,48.8,8012.0,4.0,77.7,74.19,33.2,7.5,7.0,6.89,6.82,7.8,1729.0,915.0,774.0,774.0,176.0,1120.0,521.0,316.0,456.0,86.5,4.1,7.93,24.9,20.9,9.65,238.4,386.4,431.2,57.2,129.2,4.92,15.9,58.24,60.0,60.0,,,5.26,5.44,,679.2,212.2,386.9,395.5,436.5,18.63,27.0,56.24,53.17,41.4,685.6,644.6,697.1,672.5,711.4,,,,,0.015,129.7,89.0,98.97,97.7,99.82,219.1,161.7,201.4,204.3,184.2,0.36,0.3,0.54,0.02,0.32,,,,,,,,,,,10.24,26.7,,,,2.92,0.36,4.03,3.3,1.9,2.24,0.25,2.55,1.94,2.62,,,,,,,5.4,-3.6,23.7,152.6,-12.2,9.4,9.0,22.0,,,,,,,,,,,,,,,,,,,,,,,,,,,,,,,,,,,,,,,,,,,,,,,,,,,,,,,,,,,,,,,,,,,,,,,,,,,,,,,,,,,,,861.7,2471.0,5089.0,7963.0,3297.0,8.2,7.4,7.5,7.7,7.9,9.1,109.0,34.16,,29.73,84.2,83.4,87.75,75.2,88.2,119.24,164.74,237.6,454.1,108.5,15.8,16.6,12.3,24.8,11.8,2.3,24.2,30.6,24.9,18.4,181.6,585.1,1031.8,1086.5,98.0,61.17,456.1,406.7,566.4,89.65,234.5,490.99,1082.67,1297.8,474.7,72.6,214.4,306.6,441.4,221.3,1.0,5.8,5.3,2.8,2.9,226.8,2118.9,2077.1,2847.53,1245.5,1.6,1.46,3.84,1.34,3.3,,4.19,,9.19,0.1,275.5,2026.9,2232.6,2892.1,1407.1,,,,,,423.6,880.89,94.89,820.76,547.7,,,,,20.39,148.3,448.1,406.1,518.7,773.4,97.7,75.8,69.4,75.1,81.6,-0.8660254037844386,0.5000000000000001,0
2022-11-01,421.8,303.4,126.3,140.9,58.19,48.2,25.0,52.5,116.8,91.4,7.3,6.9,6.9,6.8,7.4,105.0,197.0,345.0,284.0,,234.0,478.0,657.0,527.0,,305.2,590.4,8.43,7.72,1.42,240.0,195.2,194.0,204.0,51.2,0.15,18.8,59.91,50.16,1.09,,,6.08,,,624.0,624.5,715.7,716.2,904.0,11.34,22.39,41.25,35.51,3.17,585.1,600.7,664.4,644.8,672.0,0.13,0.17,,,,96.8,87.95,90.83,85.63,108.6,159.2,153.1,183.7,151.4,127.7,0.61,0.28,0.86,0.22,0.9,0.56,0.9,0.21,0.32,0.77,0.26,0.29,0.35,0.34,0.97,,,,,0.55,,,,,,2.39,,,1.14,,,,,,,,13.228571428571428,3.4,24.3,92.6,0.0,0.8,1.0,21.0,,,,,,,,,,,,,,,,,,,,,,,,,,,,,,,,,,,,,,,,,,,,,,,,,,,,,,,,,,,,,,,,,,,,,,,,,,,,,,,,,,,,,2806.0,3339.0,15230.0,5847.0,989.2,8.1,7.3,7.5,7.4,8.9,32.91,71.0,98.0,145.0,123.0,26.4,68.5,72.0,79.9,57.2,40.36,159.0,469.1,450.4,112.1,73.6,31.5,28.0,20.1,42.8,85.5,22.0,34.6,26.0,43.18,1426.6,148.4,708.9,,403.5,59.46,415.4,453.3,493.4,112.3,589.1,548.1,3385.0,969.8,737.1,136.9,214.8,675.8,384.3,83.63,4.52,6.72,5.43,7.84,,195.5,2195.0,2270.0,2783.0,589.7,4.25,4.5,2.5,3.6,3.6,,4.89,21.9,,,227.6,2.026,2434.0,2702.0,334.2,7.77,,,,8.7,26.16,24.81,,,336.5,,,,,10.13,119.72,452.89,785.26,694.03,156.21,14.5,78.0,65.4,74.0,56.82,-0.5000000000000004,0.8660254037844384,0
2022-12-01,,,,,,,,,,,,,,,,,,,,,,,,,,,,,,,,,,,,,,,,,,,,,,,,,,,,,,,,,,,,,,,,,,,,,,,,,,,,,,,,,,,,,,,,,,,,,,,,,,,,,,,,,,,,,,,,11.6,3.7,20.7,81.2,0.0,8.2,2.0,15.0,,,,,,,,,,,,,,,,,,,,,,,,,,,,,,,,,,,,,,,,,,,,,,,,,,,,,,,,,,,,,,,,,,,,,,,,,,,,,,,,,,,,,,,,,,,,,,,,,,,,,,,,,,,,,,,,,,,,,,,,,,,,,,,,,,,,,,,,,,,,,,,,,,,,,,,,,,,,,,,,,,,,,,,,,,,,,,,,,,,,,,,,,,,,,,-2.4492935982947064e-16,1.0,1
2023-01-01,310.2,153.0,80.6,64.2,53.6,60.1,22.3,58.8,86.0,78.0,6.8,6.1,6.7,6.7,7.2,819.0,732.0,1440.0,1790.0,134.0,1652.0,,,,229.0,11.3,102.0,26.4,25.3,51.2,198.3,112.0,76.0,84.6,64.0,10.5,65.1,90.2,94.0,5.2,1.2,1.8,0.4,,0.7,610.2,615.1,934.0,735.1,764.0,6.1,51.3,44.8,52.7,54.3,410.0,612.0,735.0,712.3,701.0,,,,,,84.5,81.2,98.4,89.2,94.1,125.0,197.0,227.0,253.1,84.0,1.9,1.2,1.4,2.1,0.8,,0.06,0.03,0.2,0.1,0.2,0.3,1.2,0.9,0.3,0.8,1.1,0.2,1.0,1.1,0.03,0.05,0.08,0.05,0.07,,,,,,,,,,,,11.0125,-4.7,24.3,92.8,-4.7,3.4,2.0,8.0,,,,,,,,,,,,,,,,,,,,,,,,,,,,,,,,,,,,,,,,,,,,,,,,,,,,,,,,,,,,,,,,,,,,,,,,,,,,,,,,,,,,,,,,,,,,,,,,,,,,,,,,,,,,,,,,,,,,,,,,,,,,,,,,,,,,,,,,,,,,,,,,,,,,,,,,,,,,,,,,,,,,,,,,,,,,,,,,,,,,,,,,,,,,,,0.49999999999999994,0.8660254037844387,1
2023-02-01,1711.0,276.8,149.3,,53.0,110.0,50.0,60.0,,50.0,2.7,6.9,6.8,,7.8,,,,,,461.0,1353.0,686.0,,206.0,1.57,,,,10.9,248.0,156.0,341.2,,512.0,16.2,0.99,53.2,,50.1,2.91,,1.1,,2.16,532.6,599.3,631.0,,624.3,19.2,38.11,60.5,,47.8,647.2,763.4,574.6,,611.3,,0.02,,,0.04,90.6,68.2,84.0,,77.3,287.4,116.3,186.7,,135.3,2.07,0.99,1.34,,0.12,0.21,0.24,0.17,,0.07,0.32,0.15,0.25,,0.4,13.33,,1.0,,9.34,0.12,,0.18,,0.27,0.12,,,,1.5,,,,,,,12.5,-9.2,25.0,109.19999999999999,-9.2,9.6,2.0,9.0,,,,,,,,,,,,,,,,,,,,,,,,,,,,,,,,,,,,,,,,,,,,,,,,,,,,,,,,,,,,,,,,,,,,,,,,,,,,,,,,,,,,,,,,,,,,,,,,,,,,,,,,,,,,,,,,,,,,,,,,,,,,,,,,,,,,,,,,,,,,,,,,,,,,,,,,,,,,,,,,,,,,,,,,,,,,,,,,,,,,,,,,,,,,,,0.8660254037844386,0.5000000000000001,1
2023-03-01,,,,,,,,,,,,,,,,,,,,,,,,,,,,,,,,,,,,,,,,,,,,,,,,,,,,,,,,,,,,,,,,,,,,,,,,,,,,,,,,,,,,,,,,,,,,,,,,,,,,,,,,,,,,,,,,8.879999999999999,-6.0,26.7,146.7,-13.5,10.3,5.0,34.0,,,,,,,,,,,,,,,,,,,,,,,,,,,,,,,,,,,,,,,,,,,,,,,,,,,,,,,,,,,,,,,,,,,,,,,,,,,,,,,,,,,,,,,,,,,,,,,,,,,,,,,,,,,,,,,,,,,,,,,,,,,,,,,,,,,,,,,,,,,,,,,,,,,,,,,,,,,,,,,,,,,,,,,,,,,,,,,,,,,,,,,,,,,,,,1.0,6.123233995736766e-17,0
2023-04-01,,,,,,,,,,,,,,,,,,,,,,,,,,,,,,,,,,,,,,,,,,,,,,,,,,,,,,,,,,,,,,,,,,,,,,,,,,,,,,,,,,,,,,,,,,,,,,,,,,,,,,,,,,,,,,,,6.773076923076923,-7.5,25.9,205.1,-29.0,18.8,5.0,1.0,,,,,,,,,,,,,,,,,,,,,,,,,,,,,,,,,,,,,,,,,,,,,,,,,,,,,,,,,,,,,,,,,,,,,,,,,,,,,,,,,,,,,,,,,,,,,,,,,,,,,,,,,,,,,,,,,,,,,,,,,,,,,,,,,,,,,,,,,,,,,,,,,,,,,,,,,,,,,,,,,,,,,,,,,,,,,,,,,,,,,,,,,,,,,,0.8660254037844387,-0.4999999999999998,0
2023-05-01,,,,,,,,,,,,,,,,,,,,,,,,,,,,,,,,,,,,,,,,,,,,,,,,,,,,,,,,,,,,,,,,,,,,,,,,,,,,,,,,,,,,,,,,,,,,,,,,,,,,,,,,,,,,,,,,14.725925925925926,-3.7,25.5,401.3,-3.7,17.4,6.0,2.0,,,,,,,,,,,,,,,,,,,,,,,,,,,,,,,,,,,,,,,,,,,,,,,,,,,,,,,,,,,,,,,,,,,,,,,,,,,,,,,,,,,,,584.7333333333332,3037.325,19922.0,11463.1,1427.275,8.2,7.45,7.7,7.3999999999999995,8.05,104.36666666666667,428.6666666666667,,129.98666666666665,191.25,89.93333333333334,58.8,64.3,77.86666666666667,72.8,179.53333333333333,311.3,907.8,333.8,168.275,10.066666666666668,41.4,35.7,22.133333333333336,24.5,80.94999999999999,59.6,86.4,47.166666666666664,63.325,164.9,552.2,76.4,87.5,246.4275,64.91333333333334,502.05,623.0,481.52,232.475,418.56666666666666,766.3666666666667,4156.0,3553.7333333333336,163.225,159.63333333333333,237.5,832.0,444.26666666666665,71.61,2.0866666666666664,2.6,1.98,2.9966666666666666,2.215,319.2,1670.0,2082.0,1018.6,473.225,4.84,7.2,8.6,8.4,9.1,,11.0,22.1,58.905,0.29,200.5,1402.2666666666667,22.1,1380.5666666666666,522.175,,,2708.0,,,70.99666666666667,15.8075,486.6,104.47000000000001,169.3525,,,,,,,,,,,,,,,,0.49999999999999994,-0.8660254037844387,0
2023-06-01,1550.0,247.2,109.3,141.4,92.9,155.0,694.0,199.0,3517.0,57.0,6.4,5.6,6.8,6.9,8.2,720.0,983.0,289.0,,39.6,1632.0,2000.0,448.0,,239.0,67.2,173.7,45.4,25.52,24.11,2448.0,14420.5,736.0,8201.0,78.0,19.55,17.59,102.2,129.3,55.25,,,,,3.4,292.0,194.9,664.4,671.6,722.6,19.12,113.1,67.75,71.01,55.98,,1097.0,639.6,650.4,640.7,,0.06,,,,45.64,192.0,90.42,87.37,85.18,107.2,326.0,176.5,186.3,139.6,1.08,3.12,1.74,1.86,1.61,1.05,0.28,0.28,1.73,0.12,0.31,0.96,0.96,1.2,0.11,,,,,1.86,,7.39,,0.26,0.23,,,,,,,,,,,,12.903846153846153,-2.6,22.0,338.1,-2.6,113.69999999999999,8.0,1.0,297.8,96.03,,336.45,0.328,2.3,,1.24,6.6,6.2,,7.3,,,,,,,,,153.8,16.8,,46.46,244.0,244.8,,134.3,4.53,4.53,,1.21,,177.6,,12.55,543.0,252.6,,623.1,18.4,18.4,,25.799999999999997,532.1,532.1,,603.2,,,,,85.2,85.2,,90.005,151.2,151.2,,171.15,0.59,0.59,,0.585,0.11,0.61,,0.35000000000000003,,0.41,,0.16,,24.9,,46.775,,0.75,,4.72,2.7,2.7,,2.6799999999999997,,,,,,,,,,,,,,,,,,,,,,,,,,,,,,,,,,,,,,,,,,,,,,,,,,,,,,,,,,,,,,,,,,,,,,,,,,,,,,,,,,,,,,,,,,,,,,,,,,,,,,,,,,1.2246467991473532e-16,-1.0,0
2023-07-01,1167.0,1192.2,85.4,13.3,114.2,14.9,80.3,57.5,61.4,95.2,6.5,5.9,6.6,6.7,7.5,127.0,570.0,233.0,330.0,141.0,264.0,1513.0,717.0,995.0,368.0,17.0,850.3,28.9,,741.9,173.2,400.1,612.3,270.5,96.4,2.72,68.55,107.2,106.9,3.16,,,12.57,,,628.3,651.9,760.8,638.0,828.9,11.23,46.3,56.6,54.9,70.7,740.1,742.1,681.5,691.3,806.0,,,,,0.05,116.5,89.4,91.7,88.1,103.6,303.9,174.9,184.6,178.3,84.9,0.45,0.63,0.9,2.9,1.15,0.93,1.1,1.3,0.92,0.38,1.82,346.0,2.42,3.92,5.95,54.6,15.2,,,3.95,0.74,,0.125,,,3.5,2.6,2.4,2.3,2.1,,,,,,,16.97037037037037,-10.3,25.8,468.5,-10.3,80.4,13.0,1.0,441.7,212.4,,1550.0,354.0,9.15,,155.0,8.4,4.2,,6.4,,,,,,,,,609.9,767.2,,67.2,239.0,2685.5,,2448.0,1.42,19.07,,19.55,,484.1,,,751.9,656.2,,292.0,12.72,786.6,,19.12,827.1,484.1,,2951.0,,0.21,,,98.82,67.99,,45.64,86.58,551.5,,107.2,1.37,1.21,,1.08,0.09,1.05,,1.05,0.07,0.31,,0.31,2.15,,,,,0.58,,,,0.2,,,187.7,2064.85,159.8,113.7,385.05,8.2,7.45,7.6,8.0,8.1,191.0,563.0,631.0,490.0,410.0,72.2,69.75,61.8,69.4,66.1,75.2,278.6,586.0,206.0,161.7,27.8,30.65,38.2,30.6,31.5,80.9,53.15,86.1,81.8,55.099999999999994,14.8,541.355,72.91,85.57,293.2,466.2,454.25,431.0,525.3,315.65,219.3,554.25,634.3,612.0,527.5,55.2,178.0,156.0,1440.8,116.6,2.31,2.65,1.9,2.8,1.85,138.8,418.4,89.1,91.9,420.65,,2.8,2.2,23.8,5.0,,,,,,385.0,1887.0,2072.0,12622.0,1178.7,5.4,,,4.8,0.7,60.6,43.35,68.4,131.0,68.25,,,,,,,,,,,19.1,23.5,13.9,18.3,16.7,-0.4999999999999997,-0.8660254037844388,0
2023-08-01,840.6333333333333,206.96666666666667,117.53333333333335,80.65,88.03333333333335,63.9,83.73333333333333,51.833333333333336,61.199999999999996,96.53333333333335,6.733333333333333,6.3999999999999995,6.666666666666667,6.8,6.8,130.0,858.0,359.0,384.5,121.93333333333334,248.0,603.0,747.6666666666666,591.0,319.0,137.20000000000002,325.09999999999997,341.84999999999997,24.1,335.8666666666667,267.5,320.3666666666667,551.6666666666666,240.2,224.46666666666667,17.0,78.10000000000001,122.16666666666667,111.9,35.06666666666667,3.4000000000000004,2.8,2.89,3.5,2.6,638.2666666666667,747.8000000000001,798.1666666666666,894.5,798.4,10.626666666666667,71.06666666666666,65.60000000000001,55.699999999999996,68.0,576.2333333333332,704.0666666666666,742.2333333333332,743.4000000000001,787.8333333333334,47.71,46.66,49.515,94.0,55.065,132.8,125.2,132.46666666666667,148.35,92.06666666666666,111.33333333333333,137.26666666666668,148.53333333333333,102.4,86.36666666666667,0.8666666666666667,0.9,0.9133333333333334,1.0699999999999998,0.6366666666666667,0.12,0.22,0.14500000000000002,0.28,0.14,25.7,0.325,0.47500000000000003,0.58,0.275,2.02,3.1100000000000003,2.795,2.3,2.0,0.315,0.38,0.56,0.475,0.21,2.93,2.86,3.42,,0.85,,,,,,,12.662962962962963,-2.0,20.3,343.9,-2.0,37.9,9.0,1.0,1496.0,185.0,,1522.0,298.0,6.5,,135.0,7.8,4.8,,6.5,337.0,540.0,,146.0,604.0,1148.0,,292.0,138.5,23.5,,12.8,435.0,1986.0,,312.0,9.6,6.8,,18.6,,94.0,,4.4,498.0,375.0,,310.0,23.0,16.5,,23.1,425.0,528.0,,365.0,,0.9,,,64.5,79.0,,46.0,142.0,198.0,,138.0,0.9,0.5,,0.8,1.0,0.8,,1.1,0.1,0.3,,0.21,1.7,20.3,,1.4,,0.45,,3.2,1.0,1.2,,0.6,833.4,5488.0,1786.8,8157.0,1516.8,7.4,5.9,6.0,6.8,7.5,501.0,229.0,490.0,617.0,617.0,30.5,68.6,60.9,83.6,59.4,151.3,428.0,1123.0,329.8,227.8,69.5,31.4,39.1,16.4,40.6,5.1,25.3,22.0,38.0,10.2,142.7,1118.2,314.1,1095.2,343.0,108.4,664.0,696.0,780.8,263.8,161.2,900.0,3914.0,2296.0,2656.0,59.7,289.5,697.4,,74.29,1.51,3.19,2.21,3.4,1.86,385.6,2246.0,2634.0,444.8,895.0,,6.5,,17.2,,,,24.5,,2.4,541.6,230.0,2628.0,5068.0,1289.8,,,,,,121.9,38.4,90.2,96.2,83.55,,,,,,,,,,,94.9,74.7,78.0,62.0,89.8,-0.8660254037844384,-0.5000000000000004,0
2023-09-01,,,,,,,,,,,,,,,,,,,,,,,,,,,,,,,,,,,,,,,,,,,,,,,,,,,,,,,,,,,,,,,,,,,,,,,,,,,,,,,,,,,,,,,,,,,,,,,,,,,,,,,,,,,,,,,,10.957692307692307,-1.4,20.4,286.3,-1.4,18.5,8.0,1.0,,,,,,,,,,,,,,,,,,,,,,,,,,,,,,,,,,,,,,,,,,,,,,,,,,,,,,,,,,,,,,,,,,,,,,,,,,,,,,,,,,,,,571.5,4315.1,1167.6,5908.9,676.9,7.4,7.2,7.5,7.7,8.8,100.0,1202.0,1413.0,776.0,1413.0,28.4,65.3,64.2,85.3,61.2,57.1,105.4,267.3,80.9,171.7,71.6,34.7,35.8,14.7,35.8,4.8,27.1,21.8,37.7,9.8,233.4,1074.9,557.7,1040.4,846.6,56.4,513.2,253.4,488.4,292.0,143.3,494.4,187.74,1082.6,147.4,41.48,178.24,56.94,381.4,43.44,0.67,1.68,1.68,4.59,0.84,233.9,13060.1,1343.8,2970.9,813.1,,3.024,,8.42,,,,,,,298.4,1833.6,1857.6,31.84,1169.2,,,0.9,,,58.8,32.4,327.3,90.4,569.54,,,,,,,,,,,95.2,72.9,78.2,62.3,90.2,-1.0,-1.8369701987210297e-16,0
2023-10-01,1883.0,310.5,170.6,,64.5,100.0,90.0,30.0,,100.0,5.8,7.1,6.9,,8.02,83.2,400.0,350.0,,45.0,175.0,814.0,657.0,,165.0,4.55,857.6,1270.0,,1322.0,176.8,422.4,330.0,,578.0,0.97,13.2,75.5,,63.9,,,1.04,,4.08,587.2,692.5,682.8,,779.8,8.2,41.0,65.5,,63.6,449.4,676.1,602.0,,662.3,0.01,,0.04,,,79.0,79.3,83.0,,91.2,236.5,124.4,176.4,,170.8,0.31,0.58,0.16,,0.89,0.15,0.18,0.15,,0.19,0.28,1.18,0.2,,0.32,18.5,1.65,1.26,,1.11,,0.04,0.27,,0.39,2.23,1.29,1.58,,,,,,,,,3.2925925925925927,-9.2,24.0,133.3,-44.400000000000006,24.4,15.0,8.0,,,,,,,,,,,,,,,,,,,,,,,,,,,,,,,,,,,,,,,,,,,,,,,,,,,,,,,,,,,,,,,,,,,,,,,,,,,,,,,,,,,,,615.3,4176.2,1316.7,6415.6,698.6,7.6,6.4,6.8,7.1,7.8,1413.0,1413.0,1413.0,1413.0,782.3,54.2,70.1,62.4,70.1,60.4,186.8,290.6,254.0,90.44,198.3,54.3,29.7,36.4,19.2,39.6,6.8,30.4,25.6,42.3,25.3,187.5,964.0,871.3,714.2,423.0,70.4,514.6,562.1,604.3,256.3,157.3,513.2,276.4,804.3,356.0,59.1,206.4,192.4,145.3,52.6,0.85,1.55,1.6,2.25,0.98,242.1,891.0,1742.0,1157.2,805.0,,,,,,,,,,,405.2,1605.0,1678.0,1317.2,967.6,,,,,,94.2,40.4,115.1,100.8,92.3,,,,,,,,,,,93.2,69.6,74.4,57.7,88.9,-0.8660254037844386,0.5000000000000001,0
2023-11-01,,,,,,,,,,,,,,,,,,,,,,,,,,,,,,,,,,,,,,,,,,,,,,,,,,,,,,,,,,,,,,,,,,,,,,,,,,,,,,,,,,,,,,,,,,,,,,,,,,,,,,,,,,,,,,,,6.2846153846153845,-0.8,26.7,82.89999999999999,-1.2000000000000002,12.0,6.0,,,,,,,,,,,,,,,,,,,,,,,,,,,,,,,,,,,,,,,,,,,,,,,,,,,,,,,,,,,,,,,,,,,,,,,,,,,,,,,,,,,,,,586.5,3915.2,1086.9,5736.0,657.0,7.3,7.0,6.9,7.2,7.8,867.2,1012.0,1112.0,967.0,682.0,32.1,64.3,62.1,72.3,58.4,127.1,275.0,263.0,68.9,192.0,51.2,36.5,40.2,34.1,30.8,7.6,29.8,38.0,36.8,26.9,215.0,983.0,624.0,746.0,536.0,71.2,501.0,324.0,493.0,234.0,162.0,612.0,213.0,832.0,213.0,46.0,210.0,140.0,298.0,56.0,2.1,2.4,2.0,2.1,1.8,208.0,734.0,1423.0,986.0,735.0,,,,,,,,,,,324.0,1650.0,1412.0,638.0,897.0,,,,,,86.0,43.0,98.3,97.6,112.0,,,,,,,,,,,59.0,64.0,67.0,58.0,82.3,-0.5000000000000004,0.8660254037844384,0
2023-12-01,,,,,,,,,,,,,,,,,,,,,,,,,,,,,,,,,,,,,,,,,,,,,,,,,,,,,,,,,,,,,,,,,,,,,,,,,,,,,,,,,,,,,,,,,,,,,,,,,,,,,,,,,,,,,,,,9.525,0.8,26.4,76.19999999999999,0.0,2.2,2.0,,,,,,,,,,,,,,,,,,,,,,,,,,,,,,,,,,,,,,,,,,,,,,,,,,,,,,,,,,,,,,,,,,,,,,,,,,,,,,,,,,,,,,,,,,,,,,,,,,,,,,,,,,,,,,,,,,,,,,,,,,,,,,,,,,,,,,,,,,,,,,,,,,,,,,,,,,,,,,,,,,,,,,,,,,,,,,,,,,,,,,,,,,,,,,,-2.4492935982947064e-16,1.0,1
2024-01-01,203.5,212.3,154.9,98.8,108.6,0.48,0.41,2.65,0.61,0.64,3.48,6.42,6.74,6.87,9.12,581.0,504.0,541.0,1628.0,243.0,1628.0,905.0,995.0,2000.0,503.0,64.9,138.65,129.8,268.4,299.4,1065.0,1627.0,1325.5,4792.5,1767.5,3.3,19.4,75.7,77.5,17.2,,,,,,4896.3,5632.0,4950.0,3265.0,3587.0,62.5,20.0,46.5,46.0,33.5,232.5,270.3,335.0,324.6,399.1,,,,,,40.3,41.6,53.4,51.7,47.7,201.5,103.9,127.6,128.2,54.2,1.0,1.2,1.1,1.3,0.8,0.54,0.4,,0.36,0.32,0.1,0.07,0.09,0.07,0.05,,,,,,,,,,,,,,,,30.0,1002.0,7650.0,22250.0,2000.0,32932.0,9.675,1.0,21.6,77.4,0.0,10.899999999999999,3.0,20.0,,,,,,,,,,,,,,,,,,,,,,,,,,,,,,,,,,,,,,,,,,,,,,,,,,,,,,,,,,,,,,,,,,,,,,,,,,,,,,,,,,,,,,,,,,,,,,,,,,,,,,,,,,,,,,,,,,,,,,,,,,,,,,,,,,,,,,,,,,,,,,,,,,,,,,,,,,,,,,,,,,,,,,,,,,,,,,,,,,,,,,,,,,,,,,0.49999999999999994,0.8660254037844387,1
2024-02-01,235.2,165.3,168.9,115.6,152.6,0.2,1.6,1.2,0.1,0.1,8.0,7.14,7.0,6.9,8.4,145.0,1503.0,470.0,2000.0,35.0,553.0,2000.0,1649.0,2000.0,181.0,10.9,168.9,136.4,165.3,56.9,616.5,421.5,1834.5,213.4,873.5,5.0,74.4,123.6,132.4,29.3,,,,,,,,,,,12.8,47.4,75.8,71.3,46.4,766.4,738.2,728.4,734.7,639.9,,,,,,102.2,88.1,95.4,92.9,87.1,172.1,173.5,213.7,205.8,123.5,0.95,0.85,0.94,1.65,0.89,,,,,,,,,,,,,,,,,,,,,,,,,,35.0,956.0,8965.0,24406.0,2000.0,36362.0,9.15,0.7,20.1,73.2,0.0,10.7,2.0,17.0,,,,,,,,,,,,,,,,,,,,,,,,,,,,,,,,,,,,,,,,,,,,,,,,,,,,,,,,,,,,,,,,,,,,,,,,,,,,,,,,,,,,,,,,,,,,,,,,,,,,,,,,,,,,,,,,,,,,,,,,,,,,,,,,,,,,,,,,,,,,,,,,,,,,,,,,,,,,,,,,,,,,,,,,,,,,,,,,,,,,,,,,,,,,,,0.8660254037844386,0.5000000000000001,1
2024-03-01,233.5,226.1,133.5,102.4,133.0,0.39,1.5,1.36,1.35,0.51,9.4,6.64,6.76,6.76,8.85,829.0,595.0,417.0,229.0,107.0,1667.0,1216.0,804.0,461.0,260.0,266.0,697.0,537.5,287.4,349.5,441.0,697.0,601.5,864.0,499.5,63.5,39.4,66.5,103.6,42.6,,,,,,3889.0,6410.0,6320.0,5230.0,9120235.2,,,,,,,,,,,,,,,,,,,,,,,,,,,,,,,0.05,0.05,0.03,0.03,0.04,0.52,0.76,0.87,0.8,0.42,,,,,,,16.3,23.2,3.7,2.5,,,,,,43.0,997.0,11200.0,33560.0,2000.0,47800.0,5.85,-3.1,19.0,86.29999999999998,-4.4,33.4,9.0,36.0,,,,,,,,,,,,,,,,,,,,,,,,,,,,,,,,,,,,,,,,,,,,,,,,,,,,,,,,,,,,,,,,,,,,,,,,,,,,,,,,,,,,,,,,,,,,,,,,,,,,,,,,,,,,,,,,,,,,,,,,,,,,,,,,,,,,,,,,,,,,,,,,,,,,,,,,,,,,,,,,,,,,,,,,,,,,,,,,,,,,,,,,,,,,,,1.0,6.123233995736766e-17,0
2024-04-01,198.2,176.8,182.3,94.5,99.8,0.42,0.9,1.0,0.56,0.65,6.69,6.67,6.84,7.04,8.58,797.0,292.0,273.0,664.0,120.0,1564.0,643.0,583.0,1628.0,322.0,21.5,56.8,46.5,32.5,28.7,55.0,33.0,308.5,786.0,324.5,9.5,14.2,27.5,39.7,2.0,,,,,,,,,,,,1.8,14.9,22.0,9.1,344.2,361.0,299.8,301.5,387.7,,,,,,57.5,52.8,43.8,41.3,45.4,100.0,89.9,78.1,66.5,43.0,1.8,1.4,1.0,0.8,0.9,,,,,,,,,,,,,,,,,,,,,0.7,0.8,0.9,0.9,0.4,39.0,1134.0,10760.0,35750.0,2000.0,49683.0,7.273076923076923,-2.9,23.0,194.7,-5.6,42.6,8.0,8.0,,,,,,,,,,,,,,,,,,,,,,,,,,,,,,,,,,,,,,,,,,,,,,,,,,,,,,,,,,,,,,,,,,,,,,,,,,,,,,,,,,,,,,,,,,,,,,,,,,,,,,,,,,,,,,,,,,,,,,,,,,,,,,,,,,,,,,,,,,,,,,,,,,,,,,,,,,,,,,,,,,,,,,,,,,,,,,,,,,,,,,,,,,,,,,0.8660254037844387,-0.4999999999999998,0
2024-05-01,185.9,120.13333333333333,125.53333333333335,92.89999999999999,114.36666666666667,0.7933333333333333,0.6833333333333332,0.9633333333333334,0.6266666666666666,0.3833333333333333,6.8133333333333335,6.54,6.7,6.669999999999999,9.086666666666666,377.5,1005.5,550.0,502.0,418.5,619.5,1819.5,957.0,1060.5,826.0,14.266666666666666,97.89999999999999,214.0,160.13333333333333,21.766666666666666,11869.5,13787.333333333334,12414.666666666666,14854.166666666666,12185.833333333334,25.900000000000002,49.300000000000004,76.43333333333334,90.03333333333335,9.32,,18.5,22.3,,,1014.4,881.15,923.25,968.25,554.25,13.4,41.300000000000004,48.333333333333336,50.96666666666667,30.133333333333336,554.1333333333333,454.73333333333335,506.90000000000003,482.6666666666667,428.0,,,,,,66.2,53.9,60.53333333333334,57.73333333333333,53.96666666666667,101.2,122.73333333333335,129.46666666666667,132.53333333333333,39.9,,,,,,0.12,0.7300000000000001,0.29000000000000004,1.19,0.06,0.125,0.165,0.115,0.205,0.10500000000000001,,7.2,5.3,,,,,,3.5,4.6,,,,,,42.0,1086.0,12340.0,30153.0,2000.0,45621.0,8.85925925925926,-3.1,25.9,243.0,-3.8,26.3,10.0,2.0,260.65,205.2,,199.25,1.3050000000000002,13.950000000000001,,0.26,7.2,5.35,,7.35,520.0,745.0,,145.0,1628.0,1548.0,,553.0,112.85,19.35,,10.2,229.25,1693.25,,693.0,28.55,68.25,,22.05,,,,,87.1,4.5,,25.8,15.4,393.34999999999997,,16.5,544.4,497.45000000000005,,779.7,,,,,60.7,61.949999999999996,,93.35,98.19999999999999,309.1,,136.6,0.92,,,0.95,0.15,1.3,,0.15,0.06,0.11,,0.08,,,,,,,,,,0.09,,,500.0,2060.0,1986.0,1455.0,489.0,8.2,7.94,7.56,7.455,8.55,33.9,40.7,109.0,109.0,109.0,45.0,27.3,40.9,38.849999999999994,40.8,24.6,26.3,42.4,51.9,10.7,55.0,72.7,59.1,61.150000000000006,59.2,5.2,22.0,28.3,41.75,18.5,850.8,1782.8,1353.5,1356.35,1416.3,4.0,15.3,13.4,496.4,14.1,3.7,12.1,22.2,51.1,12.5,0.7,3.5,5.6,8.9,3.1,0.91,1.54,2.66,2.1,1.19,,560.0,58.3,,912.0,,,,,,,,,,,14.4,46.1,58.3,85.1,40.8,,,,,,,,,,,,,,,,,,,,,94.8,78.0,71.7,58.25,81.5,0.49999999999999994,-0.8660254037844387,0
2024-06-01,,,,,,,,,,,,,,,,,,,,,,,,,,,,,,,,,,,,,,,,,,,,,,,,,,,,,,,,,,,,,,,,,,,,,,,,,,,,,,,,,,,,,,,,,,,,,,,,,,,,,,,,,,39.0,1196.0,7338.0,33275.0,2000.0,43848.0,16.184615384615384,-4.1,24.8,428.5,-7.699999999999999,61.6,14.0,,268.9,169.8,,208.9,0.38,0.4,,1.16,8.96,7.99,,7.84,160.0,244.0,,580.0,478.0,585.0,,946.0,125.6,65.8,,16.5,6.0,121.0,,132.0,4.5,15.8,,26.3,,,,,,,,,6.9,,,13.3,391.9,771.7,,556.9,,,,,28.0,127.1,,58.8,43.0,174.2,,87.5,,,,,0.17,0.12,,0.09,0.08,0.09,,0.17,,,,,,,,,,,,,,,,,,,,,,,,,,,,,,,,,,,,,,,,,,,,,,,,,,,,,,,,,,,,,,,,,,,,,,,,,,,,,,,,,,,,,,,,,,,,,,,,,,,,,,,,,,,,,,,,,,,,,,1.2246467991473532e-16,-1.0,0
2024-07-01,,,,,,,,,,,,,,,,,,,,,,,,,,,,,,,,,,,,,,,,,,,,,,,,,,,,,,,,,,,,,,,,,,,,,,,,,,,,,,,,,,,,,,,,,,,,,,,,,,,,,,,,,,39.0,1137.0,10610.0,36568.0,2000.0,50354.0,14.592592592592593,-6.2,21.6,402.7,-8.7,79.1,15.0,,505.5,373.1,,233.5,2.09,0.62,,0.39,9.82,6.61,,9.4,1100.0,384.0,,829.0,2000.0,853.0,,1667.0,136.1,76.0,,266.0,1493.5,524.0,,441.0,,,,,100.8,,,,7130.0,7265.0,,3889.0,,,,,,,,,,,,,,,,,,,,,,,,,0.04,0.09,,0.05,0.54,1.39,,0.52,27.3,55.2,,,250.3,88.9,,,,,,,383.7,1010.05,1031.35,973.85,237.4,8.025,7.285,7.279999999999999,7.515,8.12,43.5,68.4,75.9,75.3,73.9,35.25,39.900000000000006,31.400000000000002,39.150000000000006,35.7,24.799999999999997,52.2,74.9,63.550000000000004,25.200000000000003,64.75,59.7,63.599999999999994,60.849999999999994,64.30000000000001,6.0,23.700000000000003,27.15,25.799999999999997,19.65,849.6,778.9,583.95,779.9,1002.05,188.8,395.9,325.4,316.0,353.8,78.6,64.1,122.8,96.8,83.9,21.3,75.5,100.2,184.4,117.7,1.47,1.085,1.855,2.3449999999999998,1.155,,,56.0,,,,,,,,,,,,,,,,,,,,,,,,,,,,,,,,,,,,,,94.0,76.30000000000001,72.85,74.19999999999999,80.35,-0.4999999999999997,-0.8660254037844388,0
2024-08-01,209.8,196.4,186.5,105.6,86.7,0.68,0.82,0.8,0.8,0.56,6.8,6.3,6.6,6.7,8.5,299.0,663.0,569.0,640.0,283.0,560.0,1254.0,1075.0,1160.0,520.0,23.8,24.6,23.9,24.3,16.9,2585.2,3419.3,3065.6,3115.5,2752.8,6.1,30.2,42.4,49.4,12.1,,,,,,3265.0,3056.0,2986.0,2864.0,2015.0,5.8,19.6,27.1,29.8,21.9,306.8,394.4,321.8,310.5,375.2,,,,,,50.7,47.8,48.6,46.3,46.6,96.6,96.7,111.0,104.8,66.8,1.1,1.2,0.9,0.7,0.7,,,,,,,,,,,,,,,,,,,,,,,,,,42.0,1256.0,10760.0,30269.0,2000.0,44327.0,13.218518518518518,-6.8,19.9,363.7,-6.8,76.1,14.0,,368.9,866.5,,203.5,1.06,1.12,,0.48,6.34,7.18,,3.48,722.0,244.0,,581.0,965.0,704.0,,1628.0,112.3,62.5,,64.9,1276.0,1098.5,,1065.0,7.3,10.0,,3.3,,,,,5638.0,6542.0,,4896.3,6.5,8.0,,62.5,195.9,250.1,,232.5,,,,,,30.7,,40.3,69.8,67.1,,201.5,0.64,0.82,,1.0,0.44,0.43,,0.54,0.08,0.06,,0.1,,,,,,,,,,,,,12.4,4.1,3.6,7.1,3.2,8.2,7.9,7.5,7.6,8.0,109.0,89.0,91.2,64.0,59.0,24.8,25.7,25.7,24.7,39.8,20.6,54.3,46.5,27.7,16.5,75.2,74.3,74.3,75.3,60.2,5.7,236.0,27.3,29.0,17.6,1650.0,2390.0,938.2,917.2,952.2,183.9,532.0,288.0,482.0,351.0,471.8,822.4,605.0,2312.0,839.6,120.8,228.2,138.7,329.4,194.3,1.19,1.54,2.03,1.4,1.89,,,,,,,,,24.4,,,,,,,471.4,956.2,1500.4,1556.2,1087.2,,,,,,,,,,,,,,,,,,,,,94.3,76.4,72.7,71.0,82.4,-0.8660254037844384,-0.5000000000000004,0
2024-09-01,,,,,,,,,,,,,,,,,,,,,,,,,,,,,,,,,,,,,,,,,,,,,,,,,,,,,,,,,,,,,,,,,,,,,,,,,,,,,,,,,,,,,,,,,,,,,,,,,,,,,,,,,,33.0,1137.0,11390.0,28468.0,2000.0,43028.0,10.065384615384614,-1.9,22.1,263.59999999999997,-1.9,34.2,9.0,,268.9,466.5,,198.2,0.56,0.65,,0.42,6.81,6.67,,6.69,291.0,320.0,,797.0,653.0,553.0,,1564.0,29.8,25.6,,21.5,67.5,903.5,,55.0,4.5,6.3,,9.5,,,,,,,,,,,,,587.5,1089.0,,344.2,,,,,40.5,61.9,,57.5,47.1,106.7,,100.0,0.8,1.6,,1.8,,,,,,,,,,,,,,,,,0.5,,,0.7,122.8,137.4,144.8,157.9,139.5,8.3,7.5,7.6,7.5,8.1,89.0,70.5,50.9,52.5,45.3,47.8,44.8,36.1,45.8,44.0,90.3,83.5,84.8,35.2,56.2,52.3,55.2,63.9,54.2,56.0,2.9,22.7,21.9,17.3,14.0,634.6,2006.1,1196.5,1322.1,2351.6,252.7,1017.1,815.0,816.7,816.8,1247.2,384.7,123.9,115.3,120.6,96.8,40.7,25.5,23.9,22.8,1.03,0.77,0.89,0.66,0.5,,,,,,,,,,,,,,,,698.8,1049.2,284.5,344.2,308.4,,,,,,,,,,,,,,,,,,,,,97.1,77.3,78.1,82.7,85.0,-1.0,-1.8369701987210297e-16,0
2024-10-01,,,,,,,,,,,,,,,,,,,,,,,,,,,,,,,,,,,,,,,,,,,,,,,,,,,,,,,,,,,,,,,,,,,,,,,,,,,,,,,,,,,,,,,,,,,,,,,,,,,,,,,,,,37.0,1265.0,13280.0,30056.0,2000.0,46638.0,3.2703703703703706,-4.6,23.5,99.2,-10.9,20.0,9.0,,353.1,525.6,,209.8,0.98,0.8,,0.68,6.6,6.9,,6.8,385.0,499.0,,299.0,800.0,1040.0,,560.0,27.6,24.5,,23.8,34983.0,30466.0,,25852.0,15.2,17.8,,6.1,,,,,4321.0,3865.0,,3265.0,18.5,10.9,,5.8,192.8,291.1,,306.8,,,,,30.3,44.9,,50.7,88.4,84.8,,96.6,0.8,0.8,,1.1,,,,,,,,,,,,,,,,,,,,0.2,12.3,20.1,20.5,18.5,16.6,7.8,7.4,7.5,7.7,8.3,98.0,75.0,60.5,55.6,40.0,35.5,39.4,32.2,28.4,31.4,11.6,10.9,50.1,17.5,16.9,64.5,60.6,67.8,71.6,68.6,23.2,24.1,31.4,17.9,18.0,3278.9,2711.1,1280.2,889.3,2526.1,171.0,1174.2,757.0,867.6,821.6,1325.0,630.5,480.2,421.9,110.0,160.0,65.5,75.8,86.5,25.9,1.1,0.9,0.8,0.8,0.55,,,,,,,,,,,,,,,,650.0,580.0,605.0,619.0,320.0,,,,,,,,,,,,,,,,,,,,,76.8,75.9,68.6,82.1,82.0,-0.8660254037844386,0.5000000000000001,0
2024-11-01,,,,,,,,,,,,,,,,,,,,,,,,,,,,,,,,,,,,,,,,,,,,,,,,,,,,,,,,,,,,,,,,,,,,,,,,,,,,,,,,,,,,,,,,,,,,,,,,,,,,,,,,,,44.0,1135.0,12180.0,29207.0,2000.0,44566.0,2.1176470588235294,-16.7,24.2,80.7,-44.7,8.5,8.0,1.0,325.7,653.8,,185.5,1.1,0.95,,0.9,8.2,6.2,,5.9,404.0,724.0,,175.0,612.0,1245.0,,293.0,23.5,20.5,,16.8,39104.5,36487.0,,34707.0,17.5,19.2,,12.3,,,,,3659.0,3102.0,,2003.0,17.8,18.5,,6.7,168.5,243.2,,312.5,,,,,35.6,48.6,,55.3,89.5,76.5,,115.0,,,,,,,,,,,,,,,,,,,,,,,,,,,,,,,,,,,,,,,,,,,,,,,,,,,,,,,,,,,,,,,,,,,,,,,,,,,,,,,,,,,,,,,,,,,,,,,,,,,,,,,,,,,,,,,,,,,,,,,,,,,,,,,,,,-0.5000000000000004,0.8660254037844384,0
2024-12-01,,,,,,,,,,,,,,,,,,,,,,,,,,,,,,,,,,,,,,,,,,,,,,,,,,,,,,,,,,,,,,,,,,,,,,,,,,,,,,,,,,,,,,,,,,,,,,,,,,,,,,,,,,42.0,956.0,13350.0,21350.0,2000.0,37698.0,10.05,-9.5,21.7,91.39999999999999,-11.0,5.8,3.0,1.0,,,,,,,,,,,,,,,,,,,,,,,,,,,,,,,,,,,,,,,,,,,,,,,,,,,,,,,,,,,,,,,,,,,,,,,,,,,,,,,,,,,,,,,,,,,,,,,,,,,,,,,,,,,,,,,,,,,,,,,,,,,,,,,,,,,,,,,,,,,,,,,,,,,,,,,,,,,,,,,,,,,,,,,,,,,,,,,,,,,,,,,,,,,,,,-2.4492935982947064e-16,1.0,1
2025-01-01,,,,,,,,,,,,,,,,,,,,,,,,,,,,,,,,,,,,,,,,,,,,,,,,,,,,,,,,,,,,,,,,,,,,,,,,,,,,,,,,,,,,,,,,,,,,,,,,,,,,,,,,,,31.0,1056.0,7650.0,24635.0,2000.0,35372.0,,,,,,,,,,,,,,,,,,,,,,,,,,,,,,,,,,,,,,,,,,,,,,,,,,,,,,,,,,,,,,,,,,,,,,,,,,,,,,,,,,,,,,,,,,,,,,,,,,,,,,,,,,,,,,,,,,,,,,,,,,,,,,,,,,,,,,,,,,,,,,,,,,,,,,,,,,,,,,,,,,,,,,,,,,,,,,,,,,,,,,,,,,,,,,,,,,,,,,0.49999999999999994,0.8660254037844387,1
2025-01-01,,,,,,,,,,,,,,,,,,,,,,,,,,,,,,,,,,,,,,,,,,,,,,,,,,,,,,,,,,,,,,,,,,,,,,,,,,,,,,,,,,,,,,,,,,,,,,,,,,,,,,,,,,30.0,965.0,6730.0,21650.0,2000.0,31375.0,,,,,,,,,,,,,,,,,,,,,,,,,,,,,,,,,,,,,,,,,,,,,,,,,,,,,,,,,,,,,,,,,,,,,,,,,,,,,,,,,,,,,,,,,,,,,,,,,,,,,,,,,,,,,,,,,,,,,,,,,,,,,,,,,,,,,,,,,,,,,,,,,,,,,,,,,,,,,,,,,,,,,,,,,,,,,,,,,,,,,,,,,,,,,,,,,,,,,,0.49999999999999994,0.8660254037844387,1
2025-01-01,,,,,,,,,,,,,,,,,,,,,,,,,,,,,,,,,,,,,,,,,,,,,,,,,,,,,,,,,,,,,,,,,,,,,,,,,,,,,,,,,,,,,,,,,,,,,,,,,,,,,,,,,,33.0,1021.0,,,2000.0,3054.0,,,,,,,,,,,,,,,,,,,,,,,,,,,,,,,,,,,,,,,,,,,,,,,,,,,,,,,,,,,,,,,,,,,,,,,,,,,,,,,,,,,,,,,,,,,,,,,,,,,,,,,,,,,,,,,,,,,,,,,,,,,,,,,,,,,,,,,,,,,,,,,,,,,,,,,,,,,,,,,,,,,,,,,,,,,,,,,,,,,,,,,,,,,,,,,,,,,,,,0.49999999999999994,0.8660254037844387,1
2025-02-01,231.81000000000003,190.9,43.5,30.0,88.23333333333333,0.4,0.515,0.745,0.7,0.29500000000000004,6.726666666666667,6.25,6.0,6.45,7.413333333333333,264.2133333333333,1117.5,819.0,2000.0,71.76666666666667,604.8533333333334,1530.0,1602.0,2000.0,181.53333333333333,3.0499999999999994,11.65,8.75,7.95,9.373333333333333,455.6666666666667,7910.0,5591.0,4423.0,348.0,7.433333333333334,20.9,26.5,32.4,24.05666666666667,94.56666666666666,104.4,20.950000000000003,19.450000000000003,16.203333333333333,924.0,592.0,559.0,553.0,635.0666666666667,18.05,26.5,39.25,42.7,17.35,658.4,520.75,514.3,512.1,183.7,,,,,,45.55,21.45,33.8,34.15,27.05,115.0,101.0,126.4,129.8,34.55,,,,,,0.16,0.75,0.13,0.12,0.07,0.04,0.16,0.13,0.1,0.03,6.9,5.2,5.6,6.6,3.9,4.3,4.0,4.1,3.9,2.5,25.1,38.6,54.6,50.4,18.5,36.0,958.0,9066.0,25537.0,2000.0,37597.0,,,,,,,,,,,,,,,,,,,,,,,,,,,,,,,,,,,,,,,,,,,,,,,,,,,,,,,,,,,,,,,,,,,,,,,,,,,,,,,,,,,,,,,,,,,,,,,,,,,,,,,,,,,,,,,,,,,,,,,,,,,,,,,,,,,,,,,,,,,,,,,,,,,,,,,,,,,,,,,,,,,,,,,,,,,,,,,,,,,,,,,,,,,,,,,,,,,,,,0.8660254037844386,0.5000000000000001,1
2025-02-01,231.81000000000003,190.9,43.5,30.0,88.23333333333333,0.4,0.515,0.745,0.7,0.29500000000000004,6.726666666666667,6.25,6.0,6.45,7.413333333333333,264.2133333333333,1117.5,819.0,2000.0,71.76666666666667,604.8533333333334,1530.0,1602.0,2000.0,181.53333333333333,3.0499999999999994,11.65,8.75,7.95,9.373333333333333,455.6666666666667,7910.0,5591.0,4423.0,348.0,7.433333333333334,20.9,26.5,32.4,24.05666666666667,94.56666666666666,104.4,20.950000000000003,19.450000000000003,16.203333333333333,924.0,592.0,559.0,553.0,635.0666666666667,18.05,26.5,39.25,42.7,17.35,658.4,520.75,514.3,512.1,183.7,,,,,,45.55,21.45,33.8,34.15,27.05,115.0,101.0,126.4,129.8,34.55,,,,,,0.16,0.75,0.13,0.12,0.07,0.04,0.16,0.13,0.1,0.03,6.9,5.2,5.6,6.6,3.9,4.3,4.0,4.1,3.9,2.5,25.1,38.6,54.6,50.4,18.5,33.0,1058.0,7657.0,22537.0,2000.0,33285.0,,,,,,,,,,,,,,,,,,,,,,,,,,,,,,,,,,,,,,,,,,,,,,,,,,,,,,,,,,,,,,,,,,,,,,,,,,,,,,,,,,,,,,,,,,,,,,,,,,,,,,,,,,,,,,,,,,,,,,,,,,,,,,,,,,,,,,,,,,,,,,,,,,,,,,,,,,,,,,,,,,,,,,,,,,,,,,,,,,,,,,,,,,,,,,,,,,,,,,0.8660254037844386,0.5000000000000001,1
2025-02-01,231.81000000000003,190.9,43.5,30.0,88.23333333333333,0.4,0.515,0.745,0.7,0.29500000000000004,6.726666666666667,6.25,6.0,6.45,7.413333333333333,264.2133333333333,1117.5,819.0,2000.0,71.76666666666667,604.8533333333334,1530.0,1602.0,2000.0,181.53333333333333,3.0499999999999994,11.65,8.75,7.95,9.373333333333333,455.6666666666667,7910.0,5591.0,4423.0,348.0,7.433333333333334,20.9,26.5,32.4,24.05666666666667,94.56666666666666,104.4,20.950000000000003,19.450000000000003,16.203333333333333,924.0,592.0,559.0,553.0,635.0666666666667,18.05,26.5,39.25,42.7,17.35,658.4,520.75,514.3,512.1,183.7,,,,,,45.55,21.45,33.8,34.15,27.05,115.0,101.0,126.4,129.8,34.55,,,,,,0.16,0.75,0.13,0.12,0.07,0.04,0.16,0.13,0.1,0.03,6.9,5.2,5.6,6.6,3.9,4.3,4.0,4.1,3.9,2.5,25.1,38.6,54.6,50.4,18.5,33.0,1265.0,9865.0,24560.0,2000.0,37723.0,,,,,,,,,,,,,,,,,,,,,,,,,,,,,,,,,,,,,,,,,,,,,,,,,,,,,,,,,,,,,,,,,,,,,,,,,,,,,,,,,,,,,,,,,,,,,,,,,,,,,,,,,,,,,,,,,,,,,,,,,,,,,,,,,,,,,,,,,,,,,,,,,,,,,,,,,,,,,,,,,,,,,,,,,,,,,,,,,,,,,,,,,,,,,,,,,,,,,,0.8660254037844386,0.5000000000000001,1
2025-03-01,178.8,165.0,34.8,13.5,93.5,0.34,0.36,0.59,0.78,0.23,6.5,6.0,6.5,6.6,6.5,373.0,2000.0,1022.0,2000.0,107.0,740.0,2000.0,2000.0,2000.0,250.0,21.8,12.3,8.4,12.5,16.6,1234.0,1865.0,950.0,1560.0,150.0,3.4,5.9,9.8,10.6,7.0,100.0,101.1,21.0,96.6,2.2,586.0,502.0,430.0,596.0,635.0,20.3,15.6,36.4,41.5,15.6,698.0,546.0,496.0,536.0,167.0,,,,,,39.8,18.9,32.6,16.5,21.4,98.6,115.4,126.4,134.0,29.8,,,,,,0.1,0.51,0.11,0.1,0.04,0.02,0.15,0.14,0.03,0.03,7.2,6.9,5.1,5.6,3.0,5.9,4.5,4.6,3.8,4.6,65.3,29.5,30.2,36.5,12.8,40.0,1125.0,11365.0,30564.0,2000.0,45094.0,0.25,-8.9,5.4,27.099999999999994,-23.599999999999998,13.6,6.0,,,,,,,,,,,,,,,,,,,,,,,,,,,,,,,,,,,,,,,,,,,,,,,,,,,,,,,,,,,,,,,,,,,,,,,,,,,,,,,,,,,,,,,,,,,,,,,,,,,,,,,,,,,,,,,,,,,,,,,,,,,,,,,,,,,,,,,,,,,,,,,,,,,,,,,,,,,,,,,,,,,,,,,,,,,,,,,,,,,,,,,,,,,,,,,1.0,6.123233995736766e-17,0
2025-03-01,178.8,165.0,34.8,13.5,93.5,0.34,0.36,0.59,0.78,0.23,6.5,6.0,6.5,6.6,6.5,373.0,2000.0,1022.0,2000.0,107.0,740.0,2000.0,2000.0,2000.0,250.0,21.8,12.3,8.4,12.5,16.6,1234.0,1865.0,950.0,1560.0,150.0,3.4,5.9,9.8,10.6,7.0,100.0,101.1,21.0,96.6,2.2,586.0,502.0,430.0,596.0,635.0,20.3,15.6,36.4,41.5,15.6,698.0,546.0,496.0,536.0,167.0,,,,,,39.8,18.9,32.6,16.5,21.4,98.6,115.4,126.4,134.0,29.8,,,,,,0.1,0.51,0.11,0.1,0.04,0.02,0.15,0.14,0.03,0.03,7.2,6.9,5.1,5.6,3.0,5.9,4.5,4.6,3.8,4.6,65.3,29.5,30.2,36.5,12.8,39.0,968.0,10250.0,28523.0,2000.0,41780.0,0.25,-8.9,5.4,27.099999999999994,-23.599999999999998,13.6,6.0,,,,,,,,,,,,,,,,,,,,,,,,,,,,,,,,,,,,,,,,,,,,,,,,,,,,,,,,,,,,,,,,,,,,,,,,,,,,,,,,,,,,,,,,,,,,,,,,,,,,,,,,,,,,,,,,,,,,,,,,,,,,,,,,,,,,,,,,,,,,,,,,,,,,,,,,,,,,,,,,,,,,,,,,,,,,,,,,,,,,,,,,,,,,,,,1.0,6.123233995736766e-17,0
2025-03-01,178.8,165.0,34.8,13.5,93.5,0.34,0.36,0.59,0.78,0.23,6.5,6.0,6.5,6.6,6.5,373.0,2000.0,1022.0,2000.0,107.0,740.0,2000.0,2000.0,2000.0,250.0,21.8,12.3,8.4,12.5,16.6,1234.0,1865.0,950.0,1560.0,150.0,3.4,5.9,9.8,10.6,7.0,100.0,101.1,21.0,96.6,2.2,586.0,502.0,430.0,596.0,635.0,20.3,15.6,36.4,41.5,15.6,698.0,546.0,496.0,536.0,167.0,,,,,,39.8,18.9,32.6,16.5,21.4,98.6,115.4,126.4,134.0,29.8,,,,,,0.1,0.51,0.11,0.1,0.04,0.02,0.15,0.14,0.03,0.03,7.2,6.9,5.1,5.6,3.0,5.9,4.5,4.6,3.8,4.6,65.3,29.5,30.2,36.5,12.8,42.0,1016.0,12406.0,36708.0,2000.0,52172.0,0.25,-8.9,5.4,27.099999999999994,-23.599999999999998,13.6,6.0,,,,,,,,,,,,,,,,,,,,,,,,,,,,,,,,,,,,,,,,,,,,,,,,,,,,,,,,,,,,,,,,,,,,,,,,,,,,,,,,,,,,,,,,,,,,,,,,,,,,,,,,,,,,,,,,,,,,,,,,,,,,,,,,,,,,,,,,,,,,,,,,,,,,,,,,,,,,,,,,,,,,,,,,,,,,,,,,,,,,,,,,,,,,,,,1.0,6.123233995736766e-17,0
2025-04-01,186.9,121.5,146.8,110.5,148.5,0.38,0.5,0.98,0.86,0.3,6.1,5.6,5.8,6.0,8.6,310.0,986.0,620.0,590.0,98.0,840.0,1090.0,1250.0,1300.0,165.0,153.5,120.4,230.5,190.8,30.9,1050.0,10500.0,6500.0,8650.0,207.0,54.6,50.8,75.8,80.5,32.0,19.7,21.5,17.8,17.6,5.2,50.3,61.5,65.7,70.5,48.6,27.8,40.5,55.3,50.2,18.7,786.0,420.5,510.5,515.5,198.7,,,,,,50.6,23.5,34.6,41.5,33.5,135.6,98.6,131.2,143.5,40.5,,,,,,0.17,1.0,0.12,0.14,0.06,0.05,0.15,0.12,0.11,0.04,7.6,5.1,5.8,6.5,4.2,4.9,4.4,3.9,4.1,2.2,,,,,,39.0,1256.0,11530.0,33265.0,2000.0,48090.0,,,,,,,,,,,,,,,,,,,,,,,,,,,,,,,,,,,,,,,,,,,,,,,,,,,,,,,,,,,,,,,,,,,,,,,,,,,,,,,,,,,,,,,,,,,,,,,,,,,,,,,,,,,,,,,,,,,,,,,,,,,,,,,,,,,,,,,,,,,,,,,,,,,,,,,,,,,,,,,,,,,,,,,,,,,,,,,,,,,,,,,,,,,,,,,,,,,,,,0.8660254037844387,-0.4999999999999998,0
2025-04-01,186.9,121.5,146.8,110.5,148.5,0.38,0.5,0.98,0.86,0.3,6.1,5.6,5.8,6.0,8.6,310.0,986.0,620.0,590.0,98.0,840.0,1090.0,1250.0,1300.0,165.0,153.5,120.4,230.5,190.8,30.9,1050.0,10500.0,6500.0,8650.0,207.0,54.6,50.8,75.8,80.5,32.0,19.7,21.5,17.8,17.6,5.2,50.3,61.5,65.7,70.5,48.6,27.8,40.5,55.3,50.2,18.7,786.0,420.5,510.5,515.5,198.7,,,,,,50.6,23.5,34.6,41.5,33.5,135.6,98.6,131.2,143.5,40.5,,,,,,0.17,1.0,0.12,0.14,0.06,0.05,0.15,0.12,0.11,0.04,7.6,5.1,5.8,6.5,4.2,4.9,4.4,3.9,4.1,2.2,,,,,,35.0,1124.0,9860.0,31250.0,2000.0,44269.0,,,,,,,,,,,,,,,,,,,,,,,,,,,,,,,,,,,,,,,,,,,,,,,,,,,,,,,,,,,,,,,,,,,,,,,,,,,,,,,,,,,,,,,,,,,,,,,,,,,,,,,,,,,,,,,,,,,,,,,,,,,,,,,,,,,,,,,,,,,,,,,,,,,,,,,,,,,,,,,,,,,,,,,,,,,,,,,,,,,,,,,,,,,,,,,,,,,,,,0.8660254037844387,-0.4999999999999998,0
2025-04-01,186.9,121.5,146.8,110.5,148.5,0.38,0.5,0.98,0.86,0.3,6.1,5.6,5.8,6.0,8.6,310.0,986.0,620.0,590.0,98.0,840.0,1090.0,1250.0,1300.0,165.0,153.5,120.4,230.5,190.8,30.9,1050.0,10500.0,6500.0,8650.0,207.0,54.6,50.8,75.8,80.5,32.0,19.7,21.5,17.8,17.6,5.2,50.3,61.5,65.7,70.5,48.6,27.8,40.5,55.3,50.2,18.7,786.0,420.5,510.5,515.5,198.7,,,,,,50.6,23.5,34.6,41.5,33.5,135.6,98.6,131.2,143.5,40.5,,,,,,0.17,1.0,0.12,0.14,0.06,0.05,0.15,0.12,0.11,0.04,7.6,5.1,5.8,6.5,4.2,4.9,4.4,3.9,4.1,2.2,,,,,,40.0,1245.0,10987.0,36922.0,2000.0,51194.0,,,,,,,,,,,,,,,,,,,,,,,,,,,,,,,,,,,,,,,,,,,,,,,,,,,,,,,,,,,,,,,,,,,,,,,,,,,,,,,,,,,,,,,,,,,,,,,,,,,,,,,,,,,,,,,,,,,,,,,,,,,,,,,,,,,,,,,,,,,,,,,,,,,,,,,,,,,,,,,,,,,,,,,,,,,,,,,,,,,,,,,,,,,,,,,,,,,,,,0.8660254037844387,-0.4999999999999998,0
2025-05-01,324.6,177.0,40.7,19.45,75.75,0.41500000000000004,0.48,0.615,0.7250000000000001,0.26,6.5649999999999995,6.025,6.265000000000001,6.49,6.76,394.0,1350.0,671.5,367.0,121.0,696.0,1630.0,1368.5,1600.0,291.5,16.75,11.05,9.95,14.0,45.6,910.0,2655.5,1660.0,2375.5,426.0,7.6,11.649999999999999,15.75,15.8,8.5,140.5,99.65,26.6,17.8,2.7,620.0,559.0,477.0,626.0,623.5,14.55,28.700000000000003,28.45,36.65,17.05,549.5,352.15,580.75,427.8,185.0,,,,,,47.55,23.75,33.15,35.15,24.55,122.65,112.45,126.5,120.85,29.85,,,,,,0.12,0.66,0.12,0.12,0.06,0.03,0.13,0.12,0.1,0.02,6.8,5.0,5.3,6.0,3.5,4.5,3.9,3.6,3.8,2.4,256.1,36.7,56.2,49.5,17.9,41.0,998.0,11235.0,29250.0,2000.0,43524.0,,,,,,,,,498.7,365.6,,169.5,1.2,0.8,,0.45,7.3,6.1,,6.0,1425.0,735.0,,286.0,2850.0,1260.0,,752.0,143.6,20.6,,143.0,86.0,32.5,,913.0,53.5,43.1,,42.3,16.8,23.6,,20.3,96.5,65.4,,46.8,15.6,42.5,,26.8,780.6,705.6,,826.5,,,,,75.6,61.5,,65.8,146.5,112.7,,124.5,,,,,0.11,0.15,,0.18,0.08,0.12,,0.06,8.6,10.5,,8.9,6.5,26.5,,5.8,109.5,112.5,,169.5,17.4,8.5,19.4,19.5,10.8,6.0,5.8,7.1,7.2,8.2,15.9,40.4,55.0,53.7,43.6,60.5,71.3,65.7,60.0,58.9,39.8,47.7,76.9,51.3,20.4,39.5,28.7,34.3,40.0,41.1,77.8,74.3,25.4,37.0,19.6,517.1,6713.7,692.5,495.0,6733.8,1630.1,2946.3,2254.2,2291.3,2321.3,0.62,2.0,3.38,2.88,2.13,1.25,3.25,1.25,1.23,2.0,0.89,1.12,2.02,1.99,1.06,1320.0,687.0,635.0,568.0,836.0,,,,,,,,,,,,,,,,,,,,,,,,,,,,,,,,,,,,21.2,25.7,74.6,63.0,80.4,0.49999999999999994,-0.8660254037844387,0
2025-05-01,324.6,177.0,40.7,19.45,75.75,0.41500000000000004,0.48,0.615,0.7250000000000001,0.26,6.5649999999999995,6.025,6.265000000000001,6.49,6.76,394.0,1350.0,671.5,367.0,121.0,696.0,1630.0,1368.5,1600.0,291.5,16.75,11.05,9.95,14.0,45.6,910.0,2655.5,1660.0,2375.5,426.0,7.6,11.649999999999999,15.75,15.8,8.5,140.5,99.65,26.6,17.8,2.7,620.0,559.0,477.0,626.0,623.5,14.55,28.700000000000003,28.45,36.65,17.05,549.5,352.15,580.75,427.8,185.0,,,,,,47.55,23.75,33.15,35.15,24.55,122.65,112.45,126.5,120.85,29.85,,,,,,0.12,0.66,0.12,0.12,0.06,0.03,0.13,0.12,0.1,0.02,6.8,5.0,5.3,6.0,3.5,4.5,3.9,3.6,3.8,2.4,256.1,36.7,56.2,49.5,17.9,44.0,1179.0,12542.0,30387.0,2000.0,46152.0,,,,,,,,,498.7,365.6,,169.5,1.2,0.8,,0.45,7.3,6.1,,6.0,1425.0,735.0,,286.0,2850.0,1260.0,,752.0,143.6,20.6,,143.0,86.0,32.5,,913.0,53.5,43.1,,42.3,16.8,23.6,,20.3,96.5,65.4,,46.8,15.6,42.5,,26.8,780.6,705.6,,826.5,,,,,75.6,61.5,,65.8,146.5,112.7,,124.5,,,,,0.11,0.15,,0.18,0.08,0.12,,0.06,8.6,10.5,,8.9,6.5,26.5,,5.8,109.5,112.5,,169.5,17.4,8.5,19.4,19.5,10.8,6.0,5.8,7.1,7.2,8.2,15.9,40.4,55.0,53.7,43.6,60.5,71.3,65.7,60.0,58.9,39.8,47.7,76.9,51.3,20.4,39.5,28.7,34.3,40.0,41.1,77.8,74.3,25.4,37.0,19.6,517.1,6713.7,692.5,495.0,6733.8,1630.1,2946.3,2254.2,2291.3,2321.3,0.62,2.0,3.38,2.88,2.13,1.25,3.25,1.25,1.23,2.0,0.89,1.12,2.02,1.99,1.06,1320.0,687.0,635.0,568.0,836.0,,,,,,,,,,,,,,,,,,,,,,,,,,,,,,,,,,,,21.2,25.7,74.6,63.0,80.4,0.49999999999999994,-0.8660254037844387,0
2025-05-01,324.6,177.0,40.7,19.45,75.75,0.41500000000000004,0.48,0.615,0.7250000000000001,0.26,6.5649999999999995,6.025,6.265000000000001,6.49,6.76,394.0,1350.0,671.5,367.0,121.0,696.0,1630.0,1368.5,1600.0,291.5,16.75,11.05,9.95,14.0,45.6,910.0,2655.5,1660.0,2375.5,426.0,7.6,11.649999999999999,15.75,15.8,8.5,140.5,99.65,26.6,17.8,2.7,620.0,559.0,477.0,626.0,623.5,14.55,28.700000000000003,28.45,36.65,17.05,549.5,352.15,580.75,427.8,185.0,,,,,,47.55,23.75,33.15,35.15,24.55,122.65,112.45,126.5,120.85,29.85,,,,,,0.12,0.66,0.12,0.12,0.06,0.03,0.13,0.12,0.1,0.02,6.8,5.0,5.3,6.0,3.5,4.5,3.9,3.6,3.8,2.4,256.1,36.7,56.2,49.5,17.9,42.0,1012.0,12560.0,31865.0,2000.0,47479.0,,,,,,,,,498.7,365.6,,169.5,1.2,0.8,,0.45,7.3,6.1,,6.0,1425.0,735.0,,286.0,2850.0,1260.0,,752.0,143.6,20.6,,143.0,86.0,32.5,,913.0,53.5,43.1,,42.3,16.8,23.6,,20.3,96.5,65.4,,46.8,15.6,42.5,,26.8,780.6,705.6,,826.5,,,,,75.6,61.5,,65.8,146.5,112.7,,124.5,,,,,0.11,0.15,,0.18,0.08,0.12,,0.06,8.6,10.5,,8.9,6.5,26.5,,5.8,109.5,112.5,,169.5,17.4,8.5,19.4,19.5,10.8,6.0,5.8,7.1,7.2,8.2,15.9,40.4,55.0,53.7,43.6,60.5,71.3,65.7,60.0,58.9,39.8,47.7,76.9,51.3,20.4,39.5,28.7,34.3,40.0,41.1,77.8,74.3,25.4,37.0,19.6,517.1,6713.7,692.5,495.0,6733.8,1630.1,2946.3,2254.2,2291.3,2321.3,0.62,2.0,3.38,2.88,2.13,1.25,3.25,1.25,1.23,2.0,0.89,1.12,2.02,1.99,1.06,1320.0,687.0,635.0,568.0,836.0,,,,,,,,,,,,,,,,,,,,,,,,,,,,,,,,,,,,21.2,25.7,74.6,63.0,80.4,0.49999999999999994,-0.8660254037844387,0
2025-06-01,169.5,125.4,158.8,106.5,150.3,0.45,0.49,1.5,0.77,0.26,6.0,5.2,5.6,6.3,9.2,286.0,1025.0,502.0,610.0,106.0,752.0,1204.0,1230.0,1340.0,198.0,143.0,98.7,254.5,205.6,32.5,913.0,1835.0,1298.0,3687.0,287.0,42.3,536.0,66.5,76.8,24.3,20.3,17.6,18.7,20.3,5.6,46.8,65.8,79.8,82.3,53.6,26.8,35.6,42.3,53.5,20.0,826.5,456.3,523.7,421.5,235.6,,,,,,65.8,35.2,42.3,48.5,35.5,124.5,105.6,121.3,122.8,30.5,,,,,,0.18,1.01,0.19,0.2,0.05,0.06,0.19,0.17,0.15,0.08,8.9,6.6,7.8,8.2,4.3,5.8,4.3,3.2,3.1,2.5,,,,,,39.0,1086.0,10256.0,32560.0,2000.0,45941.0,,,,,,,,,236.7,315.4,,186.9,1.2,0.98,,0.38,6.8,7.1,,6.1,1356.0,612.0,,310.0,1956.0,1115.0,,840.0,265.0,142.0,,153.5,105.5,98.5,,1050.0,45.6,40.1,,54.6,26.5,35.4,,19.7,68.5,77.15,,50.3,18.5,65.4,,27.8,564.0,684.0,,786.0,,,,,36.5,44.2,,50.6,126.4,106.5,,135.6,,,,,,0.05,,0.17,0.09,0.04,,0.05,10.5,8.4,,7.6,41.3,12.5,,4.9,156.8,126.7,,186.9,,,,,,,,,,,,,,,,,,,,,,,,,,,,,,,,,,,,,,,,,,,,,,,,,,,,,,,,,,,,,,,,,,,,,,,,,,,,,,,,,,,,,,,,,,,,,,,,,,,,,,,,,,1.2246467991473532e-16,-1.0,0
2025-06-01,169.5,125.4,158.8,106.5,150.3,0.45,0.49,1.5,0.77,0.26,6.0,5.2,5.6,6.3,9.2,286.0,1025.0,502.0,610.0,106.0,752.0,1204.0,1230.0,1340.0,198.0,143.0,98.7,254.5,205.6,32.5,913.0,1835.0,1298.0,3687.0,287.0,42.3,536.0,66.5,76.8,24.3,20.3,17.6,18.7,20.3,5.6,46.8,65.8,79.8,82.3,53.6,26.8,35.6,42.3,53.5,20.0,826.5,456.3,523.7,421.5,235.6,,,,,,65.8,35.2,42.3,48.5,35.5,124.5,105.6,121.3,122.8,30.5,,,,,,0.18,1.01,0.19,0.2,0.05,0.06,0.19,0.17,0.15,0.08,8.9,6.6,7.8,8.2,4.3,5.8,4.3,3.2,3.1,2.5,,,,,,40.0,1136.0,8530.0,31240.0,2000.0,42946.0,,,,,,,,,236.7,315.4,,186.9,1.2,0.98,,0.38,6.8,7.1,,6.1,1356.0,612.0,,310.0,1956.0,1115.0,,840.0,265.0,142.0,,153.5,105.5,98.5,,1050.0,45.6,40.1,,54.6,26.5,35.4,,19.7,68.5,77.15,,50.3,18.5,65.4,,27.8,564.0,684.0,,786.0,,,,,36.5,44.2,,50.6,126.4,106.5,,135.6,,,,,,0.05,,0.17,0.09,0.04,,0.05,10.5,8.4,,7.6,41.3,12.5,,4.9,156.8,126.7,,186.9,,,,,,,,,,,,,,,,,,,,,,,,,,,,,,,,,,,,,,,,,,,,,,,,,,,,,,,,,,,,,,,,,,,,,,,,,,,,,,,,,,,,,,,,,,,,,,,,,,,,,,,,,,1.2246467991473532e-16,-1.0,0
2025-06-01,169.5,125.4,158.8,106.5,150.3,0.45,0.49,1.5,0.77,0.26,6.0,5.2,5.6,6.3,9.2,286.0,1025.0,502.0,610.0,106.0,752.0,1204.0,1230.0,1340.0,198.0,143.0,98.7,254.5,205.6,32.5,913.0,1835.0,1298.0,3687.0,287.0,42.3,536.0,66.5,76.8,24.3,20.3,17.6,18.7,20.3,5.6,46.8,65.8,79.8,82.3,53.6,26.8,35.6,42.3,53.5,20.0,826.5,456.3,523.7,421.5,235.6,,,,,,65.8,35.2,42.3,48.5,35.5,124.5,105.6,121.3,122.8,30.5,,,,,,0.18,1.01,0.19,0.2,0.05,0.06,0.19,0.17,0.15,0.08,8.9,6.6,7.8,8.2,4.3,5.8,4.3,3.2,3.1,2.5,,,,,,41.0,1228.0,7338.0,33652.0,2000.0,44259.0,,,,,,,,,236.7,315.4,,186.9,1.2,0.98,,0.38,6.8,7.1,,6.1,1356.0,612.0,,310.0,1956.0,1115.0,,840.0,265.0,142.0,,153.5,105.5,98.5,,1050.0,45.6,40.1,,54.6,26.5,35.4,,19.7,68.5,77.15,,50.3,18.5,65.4,,27.8,564.0,684.0,,786.0,,,,,36.5,44.2,,50.6,126.4,106.5,,135.6,,,,,,0.05,,0.17,0.09,0.04,,0.05,10.5,8.4,,7.6,41.3,12.5,,4.9,156.8,126.7,,186.9,,,,,,,,,,,,,,,,,,,,,,,,,,,,,,,,,,,,,,,,,,,,,,,,,,,,,,,,,,,,,,,,,,,,,,,,,,,,,,,,,,,,,,,,,,,,,,,,,,,,,,,,,,1.2246467991473532e-16,-1.0,0
2025-07-01,,,,,,,,,,,,,,,,,,,,,,,,,,,,,,,,,,,,,,,,,,,,,,,,,,,,,,,,,,,,,,,,,,,,,,,,,,,,,,,,,,,,,,,,,,,,,,,,,,,,,,,,,,40.0,1123.0,11250.0,33450.0,2000.0,47863.0,,,,,,,,,423.5,398.7,,379.0,1.98,0.56,,0.34,6.4,7.0,,6.4,1423.0,589.0,,337.0,2000.0,1224.0,,694.0,95.6,26.5,,4.0,3.0,152.0,,311.0,6.9,12.6,,4.9,136.5,109.5,,130.0,689.2,465.0,,633.0,18.9,23.5,,23.6,456.6,653.5,,756.8,,,,,26.5,36.9,,49.6,146.5,114.3,,128.5,,,,,0.08,0.12,,0.16,0.24,1.1,,0.04,24.3,12.2,,6.9,53.4,21.1,,4.3,23.4,24.5,,25.1,14.799999999999999,15.0,12.2,14.95,16.8,5.65,7.0,7.199999999999999,7.6,7.35,17.4,40.75,45.7,50.85,49.45,32.15,34.2,34.5,38.2,33.75,5.85,27.7,22.2,12.45,12.7,67.85,65.85,65.5,61.8,66.25,84.65,29.1,26.5,21.6,27.6,1752.2,2076.1,1169.7,1086.3,1039.55,1546.95,2590.1,1941.1,2457.3,2544.5,0.19,0.565,1.125,0.94,0.875,0.69,0.235,0.7549999999999999,0.63,0.375,1.605,1.05,1.5899999999999999,2.065,1.005,1019.5,736.0,691.5,701.0,601.5,,,,,,,,,,,,,,,,,,,,,,,,,,,,,,,,,,,,15.35,73.05000000000001,73.5,78.4,72.4,-0.4999999999999997,-0.8660254037844388,0
2025-07-01,,,,,,,,,,,,,,,,,,,,,,,,,,,,,,,,,,,,,,,,,,,,,,,,,,,,,,,,,,,,,,,,,,,,,,,,,,,,,,,,,,,,,,,,,,,,,,,,,,,,,,,,,,38.0,1320.0,10360.0,34500.0,2000.0,48218.0,,,,,,,,,423.5,398.7,,379.0,1.98,0.56,,0.34,6.4,7.0,,6.4,1423.0,589.0,,337.0,2000.0,1224.0,,694.0,95.6,26.5,,4.0,3.0,152.0,,311.0,6.9,12.6,,4.9,136.5,109.5,,130.0,689.2,465.0,,633.0,18.9,23.5,,23.6,456.6,653.5,,756.8,,,,,26.5,36.9,,49.6,146.5,114.3,,128.5,,,,,0.08,0.12,,0.16,0.24,1.1,,0.04,24.3,12.2,,6.9,53.4,21.1,,4.3,23.4,24.5,,25.1,14.799999999999999,15.0,12.2,14.95,16.8,5.65,7.0,7.199999999999999,7.6,7.35,17.4,40.75,45.7,50.85,49.45,32.15,34.2,34.5,38.2,33.75,5.85,27.7,22.2,12.45,12.7,67.85,65.85,65.5,61.8,66.25,84.65,29.1,26.5,21.6,27.6,1752.2,2076.1,1169.7,1086.3,1039.55,1546.95,2590.1,1941.1,2457.3,2544.5,0.19,0.565,1.125,0.94,0.875,0.69,0.235,0.7549999999999999,0.63,0.375,1.605,1.05,1.5899999999999999,2.065,1.005,1019.5,736.0,691.5,701.0,601.5,,,,,,,,,,,,,,,,,,,,,,,,,,,,,,,,,,,,15.35,73.05000000000001,73.5,78.4,72.4,-0.4999999999999997,-0.8660254037844388,0
2025-07-01,,,,,,,,,,,,,,,,,,,,,,,,,,,,,,,,,,,,,,,,,,,,,,,,,,,,,,,,,,,,,,,,,,,,,,,,,,,,,,,,,,,,,,,,,,,,,,,,,,,,,,,,,,37.0,1292.0,10570.0,36716.0,2000.0,50615.0,,,,,,,,,423.5,398.7,,379.0,1.98,0.56,,0.34,6.4,7.0,,6.4,1423.0,589.0,,337.0,2000.0,1224.0,,694.0,95.6,26.5,,4.0,3.0,152.0,,311.0,6.9,12.6,,4.9,136.5,109.5,,130.0,689.2,465.0,,633.0,18.9,23.5,,23.6,456.6,653.5,,756.8,,,,,26.5,36.9,,49.6,146.5,114.3,,128.5,,,,,0.08,0.12,,0.16,0.24,1.1,,0.04,24.3,12.2,,6.9,53.4,21.1,,4.3,23.4,24.5,,25.1,14.799999999999999,15.0,12.2,14.95,16.8,5.65,7.0,7.199999999999999,7.6,7.35,17.4,40.75,45.7,50.85,49.45,32.15,34.2,34.5,38.2,33.75,5.85,27.7,22.2,12.45,12.7,67.85,65.85,65.5,61.8,66.25,84.65,29.1,26.5,21.6,27.6,1752.2,2076.1,1169.7,1086.3,1039.55,1546.95,2590.1,1941.1,2457.3,2544.5,0.19,0.565,1.125,0.94,0.875,0.69,0.235,0.7549999999999999,0.63,0.375,1.605,1.05,1.5899999999999999,2.065,1.005,1019.5,736.0,691.5,701.0,601.5,,,,,,,,,,,,,,,,,,,,,,,,,,,,,,,,,,,,15.35,73.05000000000001,73.5,78.4,72.4,-0.4999999999999997,-0.8660254037844388,0
2025-08-01,,,,,,,,,,,,,,,,,,,,,,,,,,,,,,,,,,,,,,,,,,,,,,,,,,,,,,,,,,,,,,,,,,,,,,,,,,,,,,,,,,,,,,,,,,,,,,,,,,,,,,,,,,40.0,1215.0,11892.0,31792.0,2000.0,46939.0,,,,,,,,,332.5,367.5,539.0,469.0,1.99,0.68,2.4,0.3,6.11,6.76,7.0,6.53,166.0,433.0,268.0,442.0,385.0,1026.0,472.0,882.0,8.5,15.6,7.6,8.2,79.0,33.0,65.0,20.0,6.5,10.6,10.3,9.0,100.0,100.0,100.0,100.0,725.0,512.0,823.0,526.0,17.5,21.6,32.5,22.6,435.0,623.0,512.0,789.0,,,,,25.4,37.5,25.8,46.5,152.1,115.6,153.0,110.3,,,,,0.07,0.13,0.07,0.12,0.25,0.03,0.26,0.03,20.1,11.3,22.3,6.8,36.5,20.3,37.2,4.5,211.3,222.6,212.3,256.1,27.6,7.4,31.4,35.2,39.7,5.4,5.8,6.2,6.4,6.2,9.6,56.2,25.7,67.6,11.0,44.1,35.7,41.6,39.8,38.2,7.5,25.5,27.8,18.7,18.5,55.9,64.3,58.4,60.2,61.8,87.4,40.8,73.1,55.4,32.8,1658.0,808.0,701.0,761.0,688.0,3128.0,3272.0,3217.0,3219.0,3230.0,1.12,0.75,2.75,3.13,8.75,0.88,0.63,1.5,0.75,1.25,1.32,1.42,1.24,1.3,1.02,980.0,802.0,710.0,685.0,430.0,,,,,,,,,,,,,,,,,,,,,,,,,,,,,,,,,,,,12.6,59.2,26.9,44.6,67.2,-0.8660254037844384,-0.5000000000000004,0
2025-08-01,,,,,,,,,,,,,,,,,,,,,,,,,,,,,,,,,,,,,,,,,,,,,,,,,,,,,,,,,,,,,,,,,,,,,,,,,,,,,,,,,,,,,,,,,,,,,,,,,,,,,,,,,,41.0,1256.0,11056.0,31450.0,2000.0,45803.0,,,,,,,,,332.5,367.5,539.0,469.0,1.99,0.68,2.4,0.3,6.11,6.76,7.0,6.53,166.0,433.0,268.0,442.0,385.0,1026.0,472.0,882.0,8.5,15.6,7.6,8.2,79.0,33.0,65.0,20.0,6.5,10.6,10.3,9.0,100.0,100.0,100.0,100.0,725.0,512.0,823.0,526.0,17.5,21.6,32.5,22.6,435.0,623.0,512.0,789.0,,,,,25.4,37.5,25.8,46.5,152.1,115.6,153.0,110.3,,,,,0.07,0.13,0.07,0.12,0.25,0.03,0.26,0.03,20.1,11.3,22.3,6.8,36.5,20.3,37.2,4.5,211.3,222.6,212.3,256.1,27.6,7.4,31.4,35.2,39.7,5.4,5.8,6.2,6.4,6.2,9.6,56.2,25.7,67.6,11.0,44.1,35.7,41.6,39.8,38.2,7.5,25.5,27.8,18.7,18.5,55.9,64.3,58.4,60.2,61.8,87.4,40.8,73.1,55.4,32.8,1658.0,808.0,701.0,761.0,688.0,3128.0,3272.0,3217.0,3219.0,3230.0,1.12,0.75,2.75,3.13,8.75,0.88,0.63,1.5,0.75,1.25,1.32,1.42,1.24,1.3,1.02,980.0,802.0,710.0,685.0,430.0,,,,,,,,,,,,,,,,,,,,,,,,,,,,,,,,,,,,12.6,59.2,26.9,44.6,67.2,-0.8660254037844384,-0.5000000000000004,0
2025-08-01,,,,,,,,,,,,,,,,,,,,,,,,,,,,,,,,,,,,,,,,,,,,,,,,,,,,,,,,,,,,,,,,,,,,,,,,,,,,,,,,,,,,,,,,,,,,,,,,,,,,,,,,,,39.0,1320.0,11250.0,30567.0,2000.0,45176.0,,,,,,,,,332.5,367.5,539.0,469.0,1.99,0.68,2.4,0.3,6.11,6.76,7.0,6.53,166.0,433.0,268.0,442.0,385.0,1026.0,472.0,882.0,8.5,15.6,7.6,8.2,79.0,33.0,65.0,20.0,6.5,10.6,10.3,9.0,100.0,100.0,100.0,100.0,725.0,512.0,823.0,526.0,17.5,21.6,32.5,22.6,435.0,623.0,512.0,789.0,,,,,25.4,37.5,25.8,46.5,152.1,115.6,153.0,110.3,,,,,0.07,0.13,0.07,0.12,0.25,0.03,0.26,0.03,20.1,11.3,22.3,6.8,36.5,20.3,37.2,4.5,211.3,222.6,212.3,256.1,27.6,7.4,31.4,35.2,39.7,5.4,5.8,6.2,6.4,6.2,9.6,56.2,25.7,67.6,11.0,44.1,35.7,41.6,39.8,38.2,7.5,25.5,27.8,18.7,18.5,55.9,64.3,58.4,60.2,61.8,87.4,40.8,73.1,55.4,32.8,1658.0,808.0,701.0,761.0,688.0,3128.0,3272.0,3217.0,3219.0,3230.0,1.12,0.75,2.75,3.13,8.75,0.88,0.63,1.5,0.75,1.25,1.32,1.42,1.24,1.3,1.02,980.0,802.0,710.0,685.0,430.0,,,,,,,,,,,,,,,,,,,,,,,,,,,,,,,,,,,,12.6,59.2,26.9,44.6,67.2,-0.8660254037844384,-0.5000000000000004,0
2025-09-01,,,,,,,,,,,,,,,,,,,,,,,,,,,,,,,,,,,,,,,,,,,,,,,,,,,,,,,,,,,,,,,,,,,,,,,,,,,,,,,,,,,,,,,,,,,,,,,,,,,,,,,,,,34.0,1245.0,12680.0,30100.0,2000.0,46059.0,,,,,,,,,280.0,315.0,526.0,178.8,1.53,0.74,2.8,0.34,6.9,6.3,6.9,6.5,295.0,2000.0,386.0,373.0,790.0,2000.0,620.0,740.0,12.1,19.6,15.6,21.8,168.0,253.0,150.0,1234.0,10.8,6.8,15.6,3.4,124.0,99.0,112.0,100.0,659.0,480.0,795.0,586.0,20.2,20.9,19.5,20.3,526.0,710.0,490.0,698.0,,,,,32.5,42.5,29.0,39.8,146.1,98.5,143.2,98.6,,,,,,,,0.1,,,,0.02,,,,7.2,,,,5.9,,,,65.3,32.5,53.2,44.8,38.69,21.2,6.5,6.7,7.2,7.0,7.8,21.4,63.5,47.5,53.6,15.4,37.8,42.6,31.2,44.6,47.5,12.3,22.5,32.1,25.6,24.5,62.2,57.4,69.8,65.4,52.5,56.5,75.6,82.3,63.5,63.3,765.6,587.5,620.3,712.5,578.3,2563.0,2683.0,3564.0,2896.0,1325.0,2.12,1.65,2.32,2.97,7.65,1.12,0.98,1.65,1.01,1.65,1.32,0.98,0.87,0.98,0.32,860.0,730.0,660.0,586.0,435.0,,,,,,,,,,,,,,,,,,,,,,,,,,,,,,,,,,,,21.1,72.3,81.1,79.2,83.5,-1.0,-1.8369701987210297e-16,0
2025-09-01,,,,,,,,,,,,,,,,,,,,,,,,,,,,,,,,,,,,,,,,,,,,,,,,,,,,,,,,,,,,,,,,,,,,,,,,,,,,,,,,,,,,,,,,,,,,,,,,,,,,,,,,,,35.0,1137.0,13420.0,29654.0,2000.0,46246.0,,,,,,,,,280.0,315.0,526.0,178.8,1.53,0.74,2.8,0.34,6.9,6.3,6.9,6.5,295.0,2000.0,386.0,373.0,790.0,2000.0,620.0,740.0,12.1,19.6,15.6,21.8,168.0,253.0,150.0,1234.0,10.8,6.8,15.6,3.4,124.0,99.0,112.0,100.0,659.0,480.0,795.0,586.0,20.2,20.9,19.5,20.3,526.0,710.0,490.0,698.0,,,,,32.5,42.5,29.0,39.8,146.1,98.5,143.2,98.6,,,,,,,,0.1,,,,0.02,,,,7.2,,,,5.9,,,,65.3,32.5,53.2,44.8,38.69,21.2,6.5,6.7,7.2,7.0,7.8,21.4,63.5,47.5,53.6,15.4,37.8,42.6,31.2,44.6,47.5,12.3,22.5,32.1,25.6,24.5,62.2,57.4,69.8,65.4,52.5,56.5,75.6,82.3,63.5,63.3,765.6,587.5,620.3,712.5,578.3,2563.0,2683.0,3564.0,2896.0,1325.0,2.12,1.65,2.32,2.97,7.65,1.12,0.98,1.65,1.01,1.65,1.32,0.98,0.87,0.98,0.32,860.0,730.0,660.0,586.0,435.0,,,,,,,,,,,,,,,,,,,,,,,,,,,,,,,,,,,,21.1,72.3,81.1,79.2,83.5,-1.0,-1.8369701987210297e-16,0
2025-09-01,,,,,,,,,,,,,,,,,,,,,,,,,,,,,,,,,,,,,,,,,,,,,,,,,,,,,,,,,,,,,,,,,,,,,,,,,,,,,,,,,,,,,,,,,,,,,,,,,,,,,,,,,,33.0,1135.0,12360.0,32472.0,2000.0,48000.0,,,,,,,,,280.0,315.0,526.0,178.8,1.53,0.74,2.8,0.34,6.9,6.3,6.9,6.5,295.0,2000.0,386.0,373.0,790.0,2000.0,620.0,740.0,12.1,19.6,15.6,21.8,168.0,253.0,150.0,1234.0,10.8,6.8,15.6,3.4,124.0,99.0,112.0,100.0,659.0,480.0,795.0,586.0,20.2,20.9,19.5,20.3,526.0,710.0,490.0,698.0,,,,,32.5,42.5,29.0,39.8,146.1,98.5,143.2,98.6,,,,,,,,0.1,,,,0.02,,,,7.2,,,,5.9,,,,65.3,32.5,53.2,44.8,38.69,21.2,6.5,6.7,7.2,7.0,7.8,21.4,63.5,47.5,53.6,15.4,37.8,42.6,31.2,44.6,47.5,12.3,22.5,32.1,25.6,24.5,62.2,57.4,69.8,65.4,52.5,56.5,75.6,82.3,63.5,63.3,765.6,587.5,620.3,712.5,578.3,2563.0,2683.0,3564.0,2896.0,1325.0,2.12,1.65,2.32,2.97,7.65,1.12,0.98,1.65,1.01,1.65,1.32,0.98,0.87,0.98,0.32,860.0,730.0,660.0,586.0,435.0,,,,,,,,,,,,,,,,,,,,,,,,,,,,,,,,,,,,21.1,72.3,81.1,79.2,83.5,-1.0,-1.8369701987210297e-16,0
2025-10-01,,,,,,,,,,,,,,,,,,,,,,,,,,,,,,,,,,,,,,,,,,,,,,,,,,,,,,,,,,,,,,,,,,,,,,,,,,,,,,,,,,,,,,,,,,,,,,,,,,,,,,,,,,40.0,1240.0,11680.0,31456.0,2000.0,46416.0,,,,,,,,,386.0,308.0,398.0,283.5,2.69,0.82,2.68,0.46,6.6,6.5,6.7,6.2,464.0,2000.0,352.0,451.0,918.0,2000.0,786.0,1102.0,13.0,17.5,12.6,5.1,295.0,215.0,289.0,1053.0,10.5,7.4,12.3,4.2,165.0,154.0,143.0,153.6,880.0,540.0,865.0,756.0,11.6,15.8,10.6,12.5,470.0,510.0,465.0,560.0,,,,,36.4,40.2,32.5,41.5,151.0,102.0,156.0,101.5,,,,,,,,,,,,,,,,,,,,,,,,,28.5,32.5,36.5,25.3,17.5,6.6,6.7,7.3,7.1,7.7,12.5,52.5,35.5,42.5,14.6,41.5,38.6,29.8,30.5,36.5,9.8,19.5,23.5,17.5,9.8,58.5,61.4,70.2,69.5,63.5,57.8,75.8,80.2,72.3,67.6,1120.0,1325.0,956.0,986.0,623.0,2650.0,3250.0,3140.0,2560.0,1120.0,2.25,1.98,2.52,2.61,6.62,1.35,1.1,1.35,1.53,1.25,1.22,0.96,1.01,0.76,0.36,1020.0,740.0,735.0,602.0,410.0,,,,,,,,,,,,,,,,,,,,,,,,,,,,,,,,,,,,32.0,74.6,79.8,80.1,82.5,-0.8660254037844386,0.5000000000000001,0
2025-10-01,,,,,,,,,,,,,,,,,,,,,,,,,,,,,,,,,,,,,,,,,,,,,,,,,,,,,,,,,,,,,,,,,,,,,,,,,,,,,,,,,,,,,,,,,,,,,,,,,,,,,,,,,,39.0,1120.0,12500.0,29560.0,2000.0,45219.0,,,,,,,,,386.0,308.0,398.0,283.5,2.69,0.82,2.68,0.46,6.6,6.5,6.7,6.2,464.0,2000.0,352.0,451.0,918.0,2000.0,786.0,1102.0,13.0,17.5,12.6,5.1,295.0,215.0,289.0,1053.0,10.5,7.4,12.3,4.2,165.0,154.0,143.0,153.6,880.0,540.0,865.0,756.0,11.6,15.8,10.6,12.5,470.0,510.0,465.0,560.0,,,,,36.4,40.2,32.5,41.5,151.0,102.0,156.0,101.5,,,,,,,,,,,,,,,,,,,,,,,,,28.5,32.5,36.5,25.3,17.5,6.6,6.7,7.3,7.1,7.7,12.5,52.5,35.5,42.5,14.6,41.5,38.6,29.8,30.5,36.5,9.8,19.5,23.5,17.5,9.8,58.5,61.4,70.2,69.5,63.5,57.8,75.8,80.2,72.3,67.6,1120.0,1325.0,956.0,986.0,623.0,2650.0,3250.0,3140.0,2560.0,1120.0,2.25,1.98,2.52,2.61,6.62,1.35,1.1,1.35,1.53,1.25,1.22,0.96,1.01,0.76,0.36,1020.0,740.0,735.0,602.0,410.0,,,,,,,,,,,,,,,,,,,,,,,,,,,,,,,,,,,,32.0,74.6,79.8,80.1,82.5,-0.8660254037844386,0.5000000000000001,0
2025-10-01,,,,,,,,,,,,,,,,,,,,,,,,,,,,,,,,,,,,,,,,,,,,,,,,,,,,,,,,,,,,,,,,,,,,,,,,,,,,,,,,,,,,,,,,,,,,,,,,,,,,,,,,,,39.0,1278.0,13490.0,31159.0,2000.0,47966.0,,,,,,,,,386.0,308.0,398.0,283.5,2.69,0.82,2.68,0.46,6.6,6.5,6.7,6.2,464.0,2000.0,352.0,451.0,918.0,2000.0,786.0,1102.0,13.0,17.5,12.6,5.1,295.0,215.0,289.0,1053.0,10.5,7.4,12.3,4.2,165.0,154.0,143.0,153.6,880.0,540.0,865.0,756.0,11.6,15.8,10.6,12.5,470.0,510.0,465.0,560.0,,,,,36.4,40.2,32.5,41.5,151.0,102.0,156.0,101.5,,,,,,,,,,,,,,,,,,,,,,,,,28.5,32.5,36.5,25.3,17.5,6.6,6.7,7.3,7.1,7.7,12.5,52.5,35.5,42.5,14.6,41.5,38.6,29.8,30.5,36.5,9.8,19.5,23.5,17.5,9.8,58.5,61.4,70.2,69.5,63.5,57.8,75.8,80.2,72.3,67.6,1120.0,1325.0,956.0,986.0,623.0,2650.0,3250.0,3140.0,2560.0,1120.0,2.25,1.98,2.52,2.61,6.62,1.35,1.1,1.35,1.53,1.25,1.22,0.96,1.01,0.76,0.36,1020.0,740.0,735.0,602.0,410.0,,,,,,,,,,,,,,,,,,,,,,,,,,,,,,,,,,,,32.0,74.6,79.8,80.1,82.5,-0.8660254037844386,0.5000000000000001,0
2025-11-01,,,,,,,,,,,,,,,,,,,,,,,,,,,,,,,,,,,,,,,,,,,,,,,,,,,,,,,,,,,,,,,,,,,,,,,,,,,,,,,,,,,,,,,,,,,,,,,,,,,,,,,,,,43.0,1235.0,11654.0,31860.0,2000.0,46792.0,,,,,,,,,510.0,268.0,534.0,180.2,1.1,0.5,1.2,0.53,6.7,6.5,6.8,6.6,380.0,1850.0,425.0,346.0,650.0,2000.0,720.0,510.0,13.4,15.2,13.5,25.3,225.0,245.0,240.0,1800.0,10.5,7.6,9.8,6.2,125.0,152.0,134.0,140.5,735.0,640.0,756.0,714.0,11.7,10.0,12.5,6.5,445.0,540.0,430.0,310.0,,,,,25.6,38.4,27.8,48.6,130.0,110.0,136.0,135.0,,,,,,,,,,,,,,,,,,,,,,,,,21.5,25.6,32.5,26.3,15.5,6.0,6.5,6.9,7.0,7.6,19.5,45.6,34.5,40.5,13.5,46.2,37.8,32.4,31.2,36.7,8.6,17.5,20.4,19.8,7.7,53.8,62.2,67.9,68.8,63.3,53.8,74.6,79.8,75.4,68.3,989.0,1250.0,1180.0,990.0,598.0,2240.0,2860.0,2910.0,2650.0,1280.0,1.98,1.63,2.12,2.05,5.86,1.1,0.98,1.01,1.23,0.89,1.19,0.93,1.12,0.86,0.29,870.0,705.0,700.0,600.0,390.0,,,,,,,,,,,,,,,,,,,,,,,,,,,,,,,,,,,,29.8,70.5,72.5,79.8,80.1,-0.5000000000000004,0.8660254037844384,0
2025-11-01,,,,,,,,,,,,,,,,,,,,,,,,,,,,,,,,,,,,,,,,,,,,,,,,,,,,,,,,,,,,,,,,,,,,,,,,,,,,,,,,,,,,,,,,,,,,,,,,,,,,,,,,,,42.0,1206.0,12986.0,32659.0,2000.0,48893.0,,,,,,,,,510.0,268.0,534.0,180.2,1.1,0.5,1.2,0.53,6.7,6.5,6.8,6.6,380.0,1850.0,425.0,346.0,650.0,2000.0,720.0,510.0,13.4,15.2,13.5,25.3,225.0,245.0,240.0,1800.0,10.5,7.6,9.8,6.2,125.0,152.0,134.0,140.5,735.0,640.0,756.0,714.0,11.7,10.0,12.5,6.5,445.0,540.0,430.0,310.0,,,,,25.6,38.4,27.8,48.6,130.0,110.0,136.0,135.0,,,,,,,,,,,,,,,,,,,,,,,,,21.5,25.6,32.5,26.3,15.5,6.0,6.5,6.9,7.0,7.6,19.5,45.6,34.5,40.5,13.5,46.2,37.8,32.4,31.2,36.7,8.6,17.5,20.4,19.8,7.7,53.8,62.2,67.9,68.8,63.3,53.8,74.6,79.8,75.4,68.3,989.0,1250.0,1180.0,990.0,598.0,2240.0,2860.0,2910.0,2650.0,1280.0,1.98,1.63,2.12,2.05,5.86,1.1,0.98,1.01,1.23,0.89,1.19,0.93,1.12,0.86,0.29,870.0,705.0,700.0,600.0,390.0,,,,,,,,,,,,,,,,,,,,,,,,,,,,,,,,,,,,29.8,70.5,72.5,79.8,80.1,-0.5000000000000004,0.8660254037844384,0
2025-11-01,,,,,,,,,,,,,,,,,,,,,,,,,,,,,,,,,,,,,,,,,,,,,,,,,,,,,,,,,,,,,,,,,,,,,,,,,,,,,,,,,,,,,,,,,,,,,,,,,,,,,,,,,,42.0,1105.0,13028.0,31142.0,2000.0,47317.0,,,,,,,,,510.0,268.0,534.0,180.2,1.1,0.5,1.2,0.53,6.7,6.5,6.8,6.6,380.0,1850.0,425.0,346.0,650.0,2000.0,720.0,510.0,13.4,15.2,13.5,25.3,225.0,245.0,240.0,1800.0,10.5,7.6,9.8,6.2,125.0,152.0,134.0,140.5,735.0,640.0,756.0,714.0,11.7,10.0,12.5,6.5,445.0,540.0,430.0,310.0,,,,,25.6,38.4,27.8,48.6,130.0,110.0,136.0,135.0,,,,,,,,,,,,,,,,,,,,,,,,,21.5,25.6,32.5,26.3,15.5,6.0,6.5,6.9,7.0,7.6,19.5,45.6,34.5,40.5,13.5,46.2,37.8,32.4,31.2,36.7,8.6,17.5,20.4,19.8,7.7,53.8,62.2,67.9,68.8,63.3,53.8,74.6,79.8,75.4,68.3,989.0,1250.0,1180.0,990.0,598.0,2240.0,2860.0,2910.0,2650.0,1280.0,1.98,1.63,2.12,2.05,5.86,1.1,0.98,1.01,1.23,0.89,1.19,0.93,1.12,0.86,0.29,870.0,705.0,700.0,600.0,390.0,,,,,,,,,,,,,,,,,,,,,,,,,,,,,,,,,,,,29.8,70.5,72.5,79.8,80.1,-0.5000000000000004,0.8660254037844384,0
2025-12-01,,,,,,,,,,,,,,,,,,,,,,,,,,,,,,,,,,,,,,,,,,,,,,,,,,,,,,,,,,,,,,,,,,,,,,,,,,,,,,,,,,,,,,,,,,,,,,,,,,,,,,,,,,44.0,971.0,15583.0,34300.0,2000.0,52898.0,,,,,,,,,,,,,,,,,,,,,,,,,,,,,,,,,,,,,,,,,,,,,,,,,,,,,,,,,,,,,,,,,,,,,,,,,,,,,,,,,,,,,,,,,,,,,,,,,,,,,,,,,,,,,,,,,,,,,,,,,,,,,,,,,,,,,,,,,,,,,,,,,,,,,,,,,,,,,,,,,,,,,,,,,,,,,,,,,,,,,,,,,,,,,,,,,,,,,,-2.4492935982947064e-16,1.0,1
2025-12-01,,,,,,,,,,,,,,,,,,,,,,,,,,,,,,,,,,,,,,,,,,,,,,,,,,,,,,,,,,,,,,,,,,,,,,,,,,,,,,,,,,,,,,,,,,,,,,,,,,,,,,,,,,44.0,1156.0,12560.0,32460.0,2000.0,48220.0,,,,,,,,,,,,,,,,,,,,,,,,,,,,,,,,,,,,,,,,,,,,,,,,,,,,,,,,,,,,,,,,,,,,,,,,,,,,,,,,,,,,,,,,,,,,,,,,,,,,,,,,,,,,,,,,,,,,,,,,,,,,,,,,,,,,,,,,,,,,,,,,,,,,,,,,,,,,,,,,,,,,,,,,,,,,,,,,,,,,,,,,,,,,,,,,,,,,,,-2.4492935982947064e-16,1.0,1
2025-12-01,,,,,,,,,,,,,,,,,,,,,,,,,,,,,,,,,,,,,,,,,,,,,,,,,,,,,,,,,,,,,,,,,,,,,,,,,,,,,,,,,,,,,,,,,,,,,,,,,,,,,,,,,,42.0,1235.0,13560.0,30560.0,2000.0,47397.0,,,,,,,,,,,,,,,,,,,,,,,,,,,,,,,,,,,,,,,,,,,,,,,,,,,,,,,,,,,,,,,,,,,,,,,,,,,,,,,,,,,,,,,,,,,,,,,,,,,,,,,,,,,,,,,,,,,,,,,,,,,,,,,,,,,,,,,,,,,,,,,,,,,,,,,,,,,,,,,,,,,,,,,,,,,,,,,,,,,,,,,,,,,,,,,,,,,,,,-2.4492935982947064e-16,1.0,1
2026-01-01,,,,,,,,,,,,,,,,,,,,,,,,,,,,,,,,,,,,,,,,,,,,,,,,,,,,,,,,,,,,,,,,,,,,,,,,,,,,,,,,,,,,,,,,,,,,,,,,,,,,,,,,,,33.0,1146.0,14243.0,29951.0,2000.0,47373.0,,,,,,,,,,,,,,,,,,,,,,,,,,,,,,,,,,,,,,,,,,,,,,,,,,,,,,,,,,,,,,,,,,,,,,,,,,,,,,,,,,,,,,,,,,,,,,,,,,,,,,,,,,,,,,,,,,,,,,,,,,,,,,,,,,,,,,,,,,,,,,,,,,,,,,,,,,,,,,,,,,,,,,,,,,,,,,,,,,,,,,,,,,,,,,,,,,,,,,0.49999999999999994,0.8660254037844387,1
2026-02-01,,,,,,,,,,,,,,,,,,,,,,,,,,,,,,,,,,,,,,,,,,,,,,,,,,,,,,,,,,,,,,,,,,,,,,,,,,,,,,,,,,,,,,,,,,,,,,,,,,,,,,,,,,38.0,1299.0,11775.0,26837.0,2000.0,41949.0,,,,,,,,,,,,,,,,,,,,,,,,,,,,,,,,,,,,,,,,,,,,,,,,,,,,,,,,,,,,,,,,,,,,,,,,,,,,,,,,,,,,,,,,,,,,,,,,,,,,,,,,,,,,,,,,,,,,,,,,,,,,,,,,,,,,,,,,,,,,,,,,,,,,,,,,,,,,,,,,,,,,,,,,,,,,,,,,,,,,,,,,,,,,,,,,,,,,,,0.8660254037844386,0.5000000000000001,1
2026-03-01,,,,,,,,,,,,,,,,,,,,,,,,,,,,,,,,,,,,,,,,,,,,,,,,,,,,,,,,,,,,,,,,,,,,,,,,,,,,,,,,,,,,,,,,,,,,,,,,,,,,,,,,,,40.0,1307.0,11420.0,29084.0,2000.0,43851.0,,,,,,,,,,,,,,,,,,,,,,,,,,,,,,,,,,,,,,,,,,,,,,,,,,,,,,,,,,,,,,,,,,,,,,,,,,,,,,,,,,,,,,,,,,,,,,,,,,,,,,,,,,,,,,,,,,,,,,,,,,,,,,,,,,,,,,,,,,,,,,,,,,,,,,,,,,,,,,,,,,,,,,,,,,,,,,,,,,,,,,,,,,,,,,,,,,,,,,1.0,6.123233995736766e-17,0
2026-04-01,,,,,,,,,,,,,,,,,,,,,,,,,,,,,,,,,,,,,,,,,,,,,,,,,,,,,,,,,,,,,,,,,,,,,,,,,,,,,,,,,,,,,,,,,,,,,,,,,,,,,,,,,,37.5,1472.0,13299.0,22424.0,2000.0,39232.5,,,,,,,,,,,,,,,,,,,,,,,,,,,,,,,,,,,,,,,,,,,,,,,,,,,,,,,,,,,,,,,,,,,,,,,,,,,,,,,,,,,,,,,,,,,,,,,,,,,,,,,,,,,,,,,,,,,,,,,,,,,,,,,,,,,,,,,,,,,,,,,,,,,,,,,,,,,,,,,,,,,,,,,,,,,,,,,,,,,,,,,,,,,,,,,,,,,,,,0.8660254037844387,-0.4999999999999998,0
2026-05-01,,,,,,,,,,,,,,,,,,,,,,,,,,,,,,,,,,,,,,,,,,,,,,,,,,,,,,,,,,,,,,,,,,,,,,,,,,,,,,,,,,,,,,,,,,,,,,,,,,,,,,,,,,37.7,1385.0,12543.0,28825.0,2000.0,44790.7,,,,,,,,,,,,,,,,,,,,,,,,,,,,,,,,,,,,,,,,,,,,,,,,,,,,,,,,,,,,,,,,,,,,,,,,,,,,,,,,,,,,,,,,,,,,,,,,,,,,,,,,,,,,,,,,,,,,,,,,,,,,,,,,,,,,,,,,,,,,,,,,,,,,,,,,,,,,,,,,,,,,,,,,,,,,,,,,,,,,,,,,,,,,,,,,,,,,,,0.49999999999999994,-0.8660254037844387,0
2026-06-01,,,,,,,,,,,,,,,,,,,,,,,,,,,,,,,,,,,,,,,,,,,,,,,,,,,,,,,,,,,,,,,,,,,,,,,,,,,,,,,,,,,,,,,,,,,,,,,,,,,,,,,,,,41.0,1285.0,8525.0,28385.0,2000.0,40236.0,,,,,,,,,,,,,,,,,,,,,,,,,,,,,,,,,,,,,,,,,,,,,,,,,,,,,,,,,,,,,,,,,,,,,,,,,,,,,,,,,,,,,,,,,,,,,,,,,,,,,,,,,,,,,,,,,,,,,,,,,,,,,,,,,,,,,,,,,,,,,,,,,,,,,,,,,,,,,,,,,,,,,,,,,,,,,,,,,,,,,,,,,,,,,,,,,,,,,,1.2246467991473532e-16,-1.0,0
2026-07-01,,,,,,,,,,,,,,,,,,,,,,,,,,,,,,,,,,,,,,,,,,,,,,,,,,,,,,,,,,,,,,,,,,,,,,,,,,,,,,,,,,,,,,,,,,,,,,,,,,,,,,,,,,39.8,1373.0,10055.0,28523.0,2000.0,41990.8,,,,,,,,,,,,,,,,,,,,,,,,,,,,,,,,,,,,,,,,,,,,,,,,,,,,,,,,,,,,,,,,,,,,,,,,,,,,,,,,,,,,,,,,,,,,,,,,,,,,,,,,,,,,,,,,,,,,,,,,,,,,,,,,,,,,,,,,,,,,,,,,,,,,,,,,,,,,,,,,,,,,,,,,,,,,,,,,,,,,,,,,,,,,,,,,,,,,,,-0.4999999999999997,-0.8660254037844388,0
2026-08-01,,,,,,,,,,,,,,,,,,,,,,,,,,,,,,,,,,,,,,,,,,,,,,,,,,,,,,,,,,,,,,,,,,,,,,,,,,,,,,,,,,,,,,,,,,,,,,,,,,,,,,,,,,36.6,1673.0,9998.0,31073.0,2000.0,44780.6,,,,,,,,,,,,,,,,,,,,,,,,,,,,,,,,,,,,,,,,,,,,,,,,,,,,,,,,,,,,,,,,,,,,,,,,,,,,,,,,,,,,,,,,,,,,,,,,,,,,,,,,,,,,,,,,,,,,,,,,,,,,,,,,,,,,,,,,,,,,,,,,,,,,,,,,,,,,,,,,,,,,,,,,,,,,,,,,,,,,,,,,,,,,,,,,,,,,,,-0.8660254037844384,-0.5000000000000004,0
2026-09-01,,,,,,,,,,,,,,,,,,,,,,,,,,,,,,,,,,,,,,,,,,,,,,,,,,,,,,,,,,,,,,,,,,,,,,,,,,,,,,,,,,,,,,,,,,,,,,,,,,,,,,,,,,,,,,,,,,,,,,,,,,,,,,,,,,,,,,,,,,,,,,,,,,,,,,,,,,,,,,,,,,,,,,,,,,,,,,,,,,,,,,,,,,,,,,,,,,,,,,,,,,,,,,,,,,,,,,,,,,,,,,,,,,,,,,,,,,,,,,,,,,,,,,,,,,,,,,,,,,,,,,,,,,,,,,,,,,,,,,,,,,,,,,,,,,,,,,,,,,,,,,,,,,,,,-1.0,-1.8369701987210297e-16,0
2026-10-01,,,,,,,,,,,,,,,,,,,,,,,,,,,,,,,,,,,,,,,,,,,,,,,,,,,,,,,,,,,,,,,,,,,,,,,,,,,,,,,,,,,,,,,,,,,,,,,,,,,,,,,,,,,,,,,,,,,,,,,,,,,,,,,,,,,,,,,,,,,,,,,,,,,,,,,,,,,,,,,,,,,,,,,,,,,,,,,,,,,,,,,,,,,,,,,,,,,,,,,,,,,,,,,,,,,,,,,,,,,,,,,,,,,,,,,,,,,,,,,,,,,,,,,,,,,,,,,,,,,,,,,,,,,,,,,,,,,,,,,,,,,,,,,,,,,,,,,,,,,,,,,,,,,,,-0.8660254037844386,0.5000000000000001,0
2026-11-01,,,,,,,,,,,,,,,,,,,,,,,,,,,,,,,,,,,,,,,,,,,,,,,,,,,,,,,,,,,,,,,,,,,,,,,,,,,,,,,,,,,,,,,,,,,,,,,,,,,,,,,,,,,,,,,,,,,,,,,,,,,,,,,,,,,,,,,,,,,,,,,,,,,,,,,,,,,,,,,,,,,,,,,,,,,,,,,,,,,,,,,,,,,,,,,,,,,,,,,,,,,,,,,,,,,,,,,,,,,,,,,,,,,,,,,,,,,,,,,,,,,,,,,,,,,,,,,,,,,,,,,,,,,,,,,,,,,,,,,,,,,,,,,,,,,,,,,,,,,,,,,,,,,,,-0.5000000000000004,0.8660254037844384,0
2026-12-01,,,,,,,,,,,,,,,,,,,,,,,,,,,,,,,,,,,,,,,,,,,,,,,,,,,,,,,,,,,,,,,,,,,,,,,,,,,,,,,,,,,,,,,,,,,,,,,,,,,,,,,,,,,,,,,,,,,,,,,,,,,,,,,,,,,,,,,,,,,,,,,,,,,,,,,,,,,,,,,,,,,,,,,,,,,,,,,,,,,,,,,,,,,,,,,,,,,,,,,,,,,,,,,,,,,,,,,,,,,,,,,,,,,,,,,,,,,,,,,,,,,,,,,,,,,,,,,,,,,,,,,,,,,,,,,,,,,,,,,,,,,,,,,,,,,,,,,,,,,,,,,,,,,,,-2.4492935982947064e-16,1.0,1
